dataset,method,family,seed,fpr,tpr
cifar100,m8_analytic,F5,0,0.0,1.0
cifar100,m8_analytic,F5,0,0.0001,1.0
cifar100,m8_analytic,F5,0,0.00010473708979594497,1.0
cifar100,m8_analytic,F5,0,0.00010969857978923841,1.0
cifar100,m8_analytic,F5,0,0.00011489510001873086,1.0
cifar100,m8_analytic,F5,0,0.00012033778407775893,1.0
cifar100,m8_analytic,F5,0,0.00012603829296797275,1.0
cifar100,m8_analytic,F5,0,0.0001320088400831418,1.0
cifar100,m8_analytic,F5,0,0.00013826221737646565,1.0
cifar100,m8_analytic,F5,0,0.0001448118227674533,1.0
cifar100,m8_analytic,F5,0,0.00015167168884709225,1.0
cifar100,m8_analytic,F5,0,0.00015885651294280528,1.0
cifar100,m8_analytic,F5,0,0.0001663816886076129,1.0
cifar100,m8_analytic,F5,0,0.00017426333860096508,1.0
cifar100,m8_analytic,F5,0,0.00018251834943190426,1.0
cifar100,m8_analytic,F5,0,0.00019116440753857018,1.0
cifar100,m8_analytic,F5,0,0.00020022003718155845,1.0
cifar100,m8_analytic,F5,0,0.00020970464013232327,1.0
cifar100,m8_analytic,F5,0,0.0002196385372416547,1.0
cifar100,m8_analytic,F5,0,0.0002300430119772917,1.0
cifar100,m8_analytic,F5,0,0.00024094035602395243,1.0
cifar100,m8_analytic,F5,0,0.0002523539170434766,1.0
cifar100,m8_analytic,F5,0,0.00026430814869741055,1.0
cifar100,m8_analytic,F5,0,0.00027682866303920667,1.0
cifar100,m8_analytic,F5,0,0.0002899422853882875,1.0
cifar100,m8_analytic,F5,0,0.0003036771118035457,1.0
cifar100,m8_analytic,F5,0,0.0003180625692794119,1.0
cifar100,m8_analytic,F5,0,0.00033312947879346737,1.0
cifar100,m8_analytic,F5,0,0.0003489101213406774,1.0
cifar100,m8_analytic,F5,0,0.00036543830709572547,1.0
cifar100,m8_analytic,F5,0,0.0003827494478516311,1.0
cifar100,m8_analytic,F5,0,0.0004008806328898465,1.0
cifar100,m8_analytic,F5,0,0.000419870708444391,1.0
cifar100,m8_analytic,F5,0,0.00043976036093027214,1.0
cifar100,m8_analytic,F5,0,0.00046059220411451035,1.0
cifar100,m8_analytic,F5,0,0.00048241087041653687,1.0
cifar100,m8_analytic,F5,0,0.0005052631065335679,1.0
cifar100,m8_analytic,F5,0,0.0005291978735958442,1.0
cifar100,m8_analytic,F5,0,0.0005542664520663107,1.0
cifar100,m8_analytic,F5,0,0.0005805225516094895,1.0
cifar100,m8_analytic,F5,0,0.0006080224261649427,1.0
cifar100,m8_analytic,F5,0,0.0006368249944718586,1.0
cifar100,m8_analytic,F5,0,0.0006669919663030121,1.0
cifar100,m8_analytic,F5,0,0.0006985879746785249,1.0
cifar100,m8_analytic,F5,0,0.0007316807143427193,1.0
cifar100,m8_analytic,F5,0,0.0007663410868007462,1.0
cifar100,m8_analytic,F5,0,0.0008026433522257174,1.0
cifar100,m8_analytic,F5,0,0.0008406652885618325,1.0
cifar100,m8_analytic,F5,0,0.0008804883581643465,1.0
cifar100,m8_analytic,F5,0,0.0009221978823334322,1.0
cifar100,m8_analytic,F5,0,0.0009658832241158709,1.0
cifar100,m8_analytic,F5,0,0.001011637979766207,1.0
cifar100,m8_analytic,F5,0,0.001059560179277616,1.0
cifar100,m8_analytic,F5,0,0.0011097524964120721,1.0
cifar100,m8_analytic,F5,0,0.0011623224686798518,1.0
cifar100,m8_analytic,F5,0,0.001217382727739662,1.0
cifar100,m8_analytic,F5,0,0.0012750512407130128,1.0
cifar100,m8_analytic,F5,0,0.0013354515629298987,1.0
cifar100,m8_analytic,F5,0,0.0013987131026472386,1.0
cifar100,m8_analytic,F5,0,0.0014649713983072847,1.0
cifar100,m8_analytic,F5,0,0.0015343684089300133,1.0
cifar100,m8_analytic,F5,0,0.0016070528182616384,1.0
cifar100,m8_analytic,F5,0,0.0016831803533309566,1.0
cifar100,m8_analytic,F5,0,0.001762914118095948,1.0
cifar100,m8_analytic,F5,0,0.0018464249428955426,1.0
cifar100,m8_analytic,F5,0,0.0019338917504552321,1.0
cifar100,m8_analytic,F5,0,0.0020255019392306666,1.0
cifar100,m8_analytic,F5,0,0.00212145178491063,1.0
cifar100,m8_analytic,F5,0,0.002221946860939524,1.0
cifar100,m8_analytic,F5,0,0.0023272024789604074,1.0
cifar100,m8_analytic,F5,0,0.002437444150122222,1.0
cifar100,m8_analytic,F5,0,0.0025529080682395165,1.0
cifar100,m8_analytic,F5,0,0.0026738416158399465,1.0
cifar100,m8_analytic,F5,0,0.002800503894183631,1.0
cifar100,m8_analytic,F5,0,0.0029331662783900424,1.0
cifar100,m8_analytic,F5,0,0.003072112998861759,1.0
cifar100,m8_analytic,F5,0,0.0032176417502507355,1.0
cifar100,m8_analytic,F5,0,0.003370064329271928,1.0
cifar100,m8_analytic,F5,0,0.00352970730273065,1.0
cifar100,m8_analytic,F5,0,0.0036969127071950283,1.0
cifar100,m8_analytic,F5,0,0.003872038781812557,1.0
cifar100,m8_analytic,F5,0,0.004055460735840828,1.0
cifar100,m8_analytic,F5,0,0.0042475715525368985,1.0
cifar100,m8_analytic,F5,0,0.004448782831127585,1.0
cifar100,m8_analytic,F5,0,0.004659525668664682,1.0
cifar100,m8_analytic,F5,0,0.004880251583654433,1.0
cifar100,m8_analytic,F5,0,0.005111433483440166,1.0
cifar100,m8_analytic,F5,0,0.0053535666774107244,1.0
cifar100,m8_analytic,F5,0,0.005607169938205458,1.0
cifar100,m8_analytic,F5,0,0.005872786613189483,1.0
cifar100,m8_analytic,F5,0,0.006150985788580504,1.0
cifar100,m8_analytic,F5,0,0.00644236350872137,1.0
cifar100,m8_analytic,F5,0,0.006747544053110693,1.0
cifar100,m8_analytic,F5,0,0.0070671812739274914,1.0
cifar100,m8_analytic,F5,0,0.007401959996915644,1.0
cifar100,m8_analytic,F5,0,0.007752597488629464,1.0
cifar100,m8_analytic,F5,0,0.008119844993184008,1.0
cifar100,m8_analytic,F5,0,0.008504489341802677,1.0
cifar100,m8_analytic,F5,0,0.00890735463861044,1.0
cifar100,m8_analytic,F5,0,0.009329304026284686,1.0
cifar100,m8_analytic,F5,0,0.009771241535346501,1.0
cifar100,m8_analytic,F5,0,0.010234114021054527,1.0
cifar100,m8_analytic,F5,0,0.010718913192051276,1.0
cifar100,m8_analytic,F5,0,0.011226677735108135,1.0
cifar100,m8_analytic,F5,0,0.01175849554052157,1.0
cifar100,m8_analytic,F5,0,0.012315506032928261,1.0
cifar100,m8_analytic,F5,0,0.01289890261253308,1.0
cifar100,m8_analytic,F5,0,0.013509935211980266,1.0
cifar100,m8_analytic,F5,0,0.01414991297434576,1.0
cifar100,m8_analytic,F5,0,0.014820207057988586,1.0
cifar100,m8_analytic,F5,0,0.01552225357427048,1.0
cifar100,m8_analytic,F5,0,0.016257556664437952,1.0
cifar100,m8_analytic,F5,0,0.017027691722258997,1.0
cifar100,m8_analytic,F5,0,0.017834308769319095,1.0
cifar100,m8_analytic,F5,0,0.01867913599020783,1.0
cifar100,m8_analytic,F5,0,0.01956398343517065,1.0
cifar100,m8_analytic,F5,0,0.020490746898158482,1.0
cifar100,m8_analytic,F5,0,0.021461411978584036,1.0
cifar100,m8_analytic,F5,0,0.02247805833548725,1.0
cifar100,m8_analytic,F5,0,0.02354286414322418,1.0
cifar100,m8_analytic,F5,0,0.024658110758226038,1.0
cifar100,m8_analytic,F5,0,0.025826187606826773,1.0
cifar100,m8_analytic,F5,0,0.027049597304631343,1.0
cifar100,m8_analytic,F5,0,0.02833096101839324,1.0
cifar100,m8_analytic,F5,0,0.029673024081888696,1.0
cifar100,m8_analytic,F5,0,0.03107866187782014,1.0
cifar100,m8_analytic,F5,0,0.0325508859983506,1.0
cifar100,m8_analytic,F5,0,0.03409285069746811,1.0
cifar100,m8_analytic,F5,0,0.03570785964900463,1.0
cifar100,m8_analytic,F5,0,0.03739937302478798,1.0
cifar100,m8_analytic,F5,0,0.039171014908092605,1.0
cifar100,m8_analytic,F5,0,0.04102658105827194,1.0
cifar100,m8_analytic,F5,0,0.04297004704320839,1.0
cifar100,m8_analytic,F5,0,0.04500557675700498,1.0
cifar100,m8_analytic,F5,0,0.047137531341167244,1.0
cifar100,m8_analytic,F5,0,0.049370478528390035,1.0
cifar100,m8_analytic,F5,0,0.05170920242896761,1.0
cifar100,m8_analytic,F5,0,0.054158713780794704,1.0
cifar100,m8_analytic,F5,0,0.05672426068491978,1.0
cifar100,m8_analytic,F5,0,0.05941133984965034,1.0
cifar100,m8_analytic,F5,0,0.06222570836730231,1.0
cifar100,m8_analytic,F5,0,0.06517339604882427,1.0
cifar100,m8_analytic,F5,0,0.06826071834272386,1.0
cifar100,m8_analytic,F5,0,0.07149428986597577,1.0
cifar100,m8_analytic,F5,0,0.07488103857590023,1.0
cifar100,m8_analytic,F5,0,0.07842822061337681,1.0
cifar100,m8_analytic,F5,0,0.0821434358491943,1.0
cifar100,m8_analytic,F5,0,0.086034644166845,1.0
cifar100,m8_analytic,F5,0,0.09011018251665019,1.0
cifar100,m8_analytic,F5,0,0.09437878277775381,1.0
cifar100,m8_analytic,F5,0,0.09884959046625587,1.0
cifar100,m8_analytic,F5,0,0.10353218432956626,1.0
cifar100,m8_analytic,F5,0,0.1084365968689611,1.0
cifar100,m8_analytic,F5,0,0.11357333583431052,1.0
cifar100,m8_analytic,F5,0,0.11895340673703195,1.0
cifar100,m8_analytic,F5,0,0.12458833642950082,1.0
cifar100,m8_analytic,F5,0,0.1304901978014403,1.0
cifar100,m8_analytic,F5,0,0.13667163564620075,1.0
cifar100,m8_analytic,F5,0,0.14314589375234785,1.0
cifar100,m8_analytic,F5,0,0.14992684327860456,1.0
cifar100,m8_analytic,F5,0,0.15702901247293774,1.0
cifar100,m8_analytic,F5,0,0.16446761779946645,1.0
cifar100,m8_analytic,F5,0,0.17225859653987874,1.0
cifar100,m8_analytic,F5,0,0.18041864093920718,1.0
cifar100,m8_analytic,F5,0,0.18896523396912096,1.0
cifar100,m8_analytic,F5,0,0.19791668678535573,1.0
cifar100,m8_analytic,F5,0,0.2072921779595372,1.0
cifar100,m8_analytic,F5,0,0.21711179456945054,1.0
cifar100,m8_analytic,F5,0,0.22739657523579276,1.0
cifar100,m8_analytic,F5,0,0.23816855519761582,1.0
cifar100,m8_analytic,F5,0,0.24945081352303167,1.0
cifar100,m8_analytic,F5,0,0.2612675225563329,1.0
cifar100,m8_analytic,F5,0,0.27364399970746717,1.0
cifar100,m8_analytic,F5,0,0.286606761694825,1.0
cifar100,m8_analytic,F5,0,0.3001835813575589,1.0
cifar100,m8_analytic,F5,0,0.31440354715915003,1.0
cifar100,m8_analytic,F5,0,0.3292971255097151,1.0
cifar100,m8_analytic,F5,0,0.34489622604057596,1.0
cifar100,m8_analytic,F5,0,0.36123426997094304,1.0
cifar100,m8_analytic,F5,0,0.3783462617131929,1.0
cifar100,m8_analytic,F5,0,0.3962688638701478,1.0
cifar100,m8_analytic,F5,0,0.41504047578504766,1.0
cifar100,m8_analytic,F5,0,0.43470131581250265,1.0
cifar100,m8_analytic,F5,0,0.4552935074866948,1.0
cifar100,m8_analytic,F5,0,0.47686116977144694,1.0
cifar100,m8_analytic,F5,0,0.499450511585514,1.0
cifar100,m8_analytic,F5,0,0.5231099308056264,1.0
cifar100,m8_analytic,F5,0,0.5478901179593945,1.0
cifar100,m8_analytic,F5,0,0.5738441648302393,1.0
cifar100,m8_analytic,F5,0,0.6010276782070382,1.0
cifar100,m8_analytic,F5,0,0.6294988990221888,1.0
cifar100,m8_analytic,F5,0,0.6593188271333549,1.0
cifar100,m8_analytic,F5,0,0.6905513520162331,1.0
cifar100,m8_analytic,F5,0,0.7232633896483533,1.0
cifar100,m8_analytic,F5,0,0.7575250258771913,1.0
cifar100,m8_analytic,F5,0,0.7934096665797492,1.0
cifar100,m8_analytic,F5,0,0.8309941949353395,1.0
cifar100,m8_analytic,F5,0,0.8703591361485166,1.0
cifar100,m8_analytic,F5,0,0.9115888299750827,1.0
cifar100,m8_analytic,F5,0,0.9547716114208056,1.0
cifar100,m8_analytic,F5,0,1.0,1.0
