dataset,backbone,n_per_class,ref_quality,class,trial,anisotropy_ratio,mean_cos,median_cos,frac_above_0.8,n_records,ref_pool_size
cub200,vit_base_patch16_224.augreg_in21k,1,clean_full,122,0,34.03062132603117,0.999999970812062,0.999999970812062,1.0,1,5
cub200,vit_base_patch16_224.augreg_in21k,1,clean_full,177,1,34.03062132603117,1.0000000397881073,1.0000000397881073,1.0,1,5
cub200,vit_base_patch16_224.augreg_in21k,1,clean_full,175,2,34.03062132603117,1.0000000239182878,1.0000000239182878,1.0,1,5
cub200,vit_base_patch16_224.augreg_in21k,1,clean_full,191,3,34.03062132603117,0.999999970991365,0.999999970991365,1.0,1,5
cub200,vit_base_patch16_224.augreg_in21k,1,clean_full,155,4,34.03062132603117,0.9999999599801194,0.9999999599801194,1.0,1,5
cub200,vit_base_patch16_224.augreg_in21k,1,clean_small_pool,193,0,34.03062132603117,1.0000000499186417,1.0000000499186417,1.0,1,5
cub200,vit_base_patch16_224.augreg_in21k,1,clean_small_pool,67,1,34.03062132603117,1.000000029351912,1.000000029351912,1.0,1,5
cub200,vit_base_patch16_224.augreg_in21k,1,clean_small_pool,75,2,34.03062132603117,1.000000029788654,1.000000029788654,1.0,1,5
cub200,vit_base_patch16_224.augreg_in21k,1,clean_small_pool,7,3,34.03062132603117,0.9999999565404956,0.9999999565404956,1.0,1,5
cub200,vit_base_patch16_224.augreg_in21k,1,clean_small_pool,181,4,34.03062132603117,0.9999999800657848,0.9999999800657848,1.0,1,5
cub200,vit_base_patch16_224.augreg_in21k,1,noisy_full,74,0,34.03062132603117,1.000000022406883,1.000000022406883,1.0,1,5
cub200,vit_base_patch16_224.augreg_in21k,1,noisy_full,63,1,34.03062132603117,0.9999999697344301,0.9999999697344301,1.0,1,5
cub200,vit_base_patch16_224.augreg_in21k,1,noisy_full,33,2,34.03062132603117,1.0000000046902315,1.0000000046902315,1.0,1,5
cub200,vit_base_patch16_224.augreg_in21k,1,noisy_full,105,3,34.03062132603117,0.9999999638222633,0.9999999638222633,1.0,1,5
cub200,vit_base_patch16_224.augreg_in21k,1,noisy_full,163,4,34.03062132603117,1.0000000259628699,1.0000000259628699,1.0,1,5
cub200,vit_base_patch16_224.augreg_in21k,2,clean_full,7,0,34.03062132603117,0.5133156684294681,0.5133156684294681,0.0,2,5
cub200,vit_base_patch16_224.augreg_in21k,2,clean_full,16,1,34.03062132603117,0.9998936441508759,0.9998936441508759,1.0,2,5
cub200,vit_base_patch16_224.augreg_in21k,2,clean_full,83,2,34.03062132603117,0.5396239822050048,0.5396239822050048,0.0,2,5
cub200,vit_base_patch16_224.augreg_in21k,2,clean_full,77,3,34.03062132603117,0.69865625381753,0.69865625381753,0.0,2,5
cub200,vit_base_patch16_224.augreg_in21k,2,clean_full,99,4,34.03062132603117,0.6809833924215746,0.6809833924215746,0.0,2,5
cub200,vit_base_patch16_224.augreg_in21k,2,clean_small_pool,24,0,34.03062132603117,0.6208247401489615,0.6208247401489615,0.0,2,5
cub200,vit_base_patch16_224.augreg_in21k,2,clean_small_pool,175,1,34.03062132603117,0.9989645247707399,0.9989645247707399,1.0,2,5
cub200,vit_base_patch16_224.augreg_in21k,2,clean_small_pool,155,2,34.03062132603117,0.9985607149111376,0.9985607149111376,1.0,2,5
cub200,vit_base_patch16_224.augreg_in21k,2,clean_small_pool,40,3,34.03062132603117,0.9994411159375509,0.9994411159375509,1.0,2,5
cub200,vit_base_patch16_224.augreg_in21k,2,clean_small_pool,87,4,34.03062132603117,0.7452036595499906,0.7452036595499906,0.0,2,5
cub200,vit_base_patch16_224.augreg_in21k,2,noisy_full,105,0,34.03062132603117,0.6122082684256853,0.6122082684256853,0.0,2,5
cub200,vit_base_patch16_224.augreg_in21k,2,noisy_full,11,1,34.03062132603117,0.5107851056374938,0.5107851056374938,0.0,2,5
cub200,vit_base_patch16_224.augreg_in21k,2,noisy_full,18,2,34.03062132603117,0.6790406297529805,0.6790406297529805,0.0,2,5
cub200,vit_base_patch16_224.augreg_in21k,2,noisy_full,59,3,34.03062132603117,0.7389179111081543,0.7389179111081543,0.0,2,5
cub200,vit_base_patch16_224.augreg_in21k,2,noisy_full,102,4,34.03062132603117,0.9972468734640905,0.9972468734640905,1.0,2,5
cub200,vit_base_patch16_224.augreg_in21k,4,clean_full,81,0,34.03062132603117,0.9062099266858398,0.9202159977365411,0.75,4,5
cub200,vit_base_patch16_224.augreg_in21k,4,clean_full,131,1,34.03062132603117,0.8345520602683394,0.8410278020703376,0.5,4,5
cub200,vit_base_patch16_224.augreg_in21k,4,clean_full,109,2,34.03062132603117,0.7110060577244945,0.7424617478042098,0.0,4,5
cub200,vit_base_patch16_224.augreg_in21k,4,clean_full,185,3,34.03062132603117,0.7933041126626035,0.8826155901213122,0.5,4,5
cub200,vit_base_patch16_224.augreg_in21k,4,clean_full,153,4,34.03062132603117,0.7959003987369859,0.8006586517586998,0.5,4,5
cub200,vit_base_patch16_224.augreg_in21k,4,clean_small_pool,185,0,34.03062132603117,0.8197075156506517,0.8267490095352679,0.75,4,5
cub200,vit_base_patch16_224.augreg_in21k,4,clean_small_pool,100,1,34.03062132603117,0.764123346302489,0.7010388776608252,0.25,4,5
cub200,vit_base_patch16_224.augreg_in21k,4,clean_small_pool,10,2,34.03062132603117,0.8017868786413653,0.8569407973882044,0.75,4,5
cub200,vit_base_patch16_224.augreg_in21k,4,clean_small_pool,109,3,34.03062132603117,0.8474981127110266,0.8453710499342133,0.75,4,5
cub200,vit_base_patch16_224.augreg_in21k,4,clean_small_pool,87,4,34.03062132603117,0.8618832632173103,0.8822476893031568,0.75,4,5
cub200,vit_base_patch16_224.augreg_in21k,4,noisy_full,184,0,34.03062132603117,0.7974258165616691,0.8133006909835359,0.5,4,5
cub200,vit_base_patch16_224.augreg_in21k,4,noisy_full,172,1,34.03062132603117,0.7149070980826843,0.7096060160542614,0.25,4,5
cub200,vit_base_patch16_224.augreg_in21k,4,noisy_full,49,2,34.03062132603117,0.8107915282115021,0.8063395187204436,0.75,4,5
cub200,vit_base_patch16_224.augreg_in21k,4,noisy_full,24,3,34.03062132603117,0.8769804469301725,0.890614160928098,0.75,4,5
cub200,vit_base_patch16_224.augreg_in21k,4,noisy_full,115,4,34.03062132603117,0.9132241743375522,0.9370122758640771,1.0,4,5
cub200,vit_base_patch16_224.augreg_in21k,8,clean_full,101,0,34.03062132603117,0.7643865463757289,0.7619858262048689,0.375,8,5
cub200,vit_base_patch16_224.augreg_in21k,8,clean_full,82,1,34.03062132603117,0.6911850682780877,0.6757321323405558,0.125,8,5
cub200,vit_base_patch16_224.augreg_in21k,8,clean_full,193,2,34.03062132603117,0.6661364546626283,0.6670503976879125,0.375,8,5
cub200,vit_base_patch16_224.augreg_in21k,8,clean_full,135,3,34.03062132603117,0.697590083893931,0.740925027786617,0.25,8,5
cub200,vit_base_patch16_224.augreg_in21k,8,clean_full,13,4,34.03062132603117,0.644552545234224,0.6805481788095125,0.125,8,5
cub200,vit_base_patch16_224.augreg_in21k,8,clean_small_pool,122,0,34.03062132603117,0.724599367283145,0.7331951838552728,0.125,8,5
cub200,vit_base_patch16_224.augreg_in21k,8,clean_small_pool,118,1,34.03062132603117,0.6634358606709072,0.6677200967187749,0.125,8,5
cub200,vit_base_patch16_224.augreg_in21k,8,clean_small_pool,121,2,34.03062132603117,0.5393183938442079,0.5263439923741308,0.0,8,5
cub200,vit_base_patch16_224.augreg_in21k,8,clean_small_pool,107,3,34.03062132603117,0.6394165426261645,0.6563134482758428,0.0,8,5
cub200,vit_base_patch16_224.augreg_in21k,8,clean_small_pool,75,4,34.03062132603117,0.717670153423783,0.7070082597356881,0.25,8,5
cub200,vit_base_patch16_224.augreg_in21k,8,noisy_full,36,0,34.03062132603117,0.6899041178714155,0.7216470763191161,0.25,8,5
cub200,vit_base_patch16_224.augreg_in21k,8,noisy_full,71,1,34.03062132603117,0.8129654880393722,0.8367942131356999,0.625,8,5
cub200,vit_base_patch16_224.augreg_in21k,8,noisy_full,31,2,34.03062132603117,0.6162219916605391,0.590162445773442,0.125,8,5
cub200,vit_base_patch16_224.augreg_in21k,8,noisy_full,114,3,34.03062132603117,0.7507224856830679,0.7738585164348777,0.375,8,5
cub200,vit_base_patch16_224.augreg_in21k,8,noisy_full,89,4,34.03062132603117,0.7421268732953181,0.7431377423437917,0.25,8,5
cub200,vit_base_patch16_224.augreg_in21k,16,clean_full,172,0,34.03062132603117,0.6032293803547999,0.6554522021984543,0.0625,16,5
cub200,vit_base_patch16_224.augreg_in21k,16,clean_full,124,1,34.03062132603117,0.6325253774397797,0.6520689022422681,0.0,16,5
cub200,vit_base_patch16_224.augreg_in21k,16,clean_full,122,2,34.03062132603117,0.6998063133971045,0.7085809401101002,0.125,16,5
cub200,vit_base_patch16_224.augreg_in21k,16,clean_full,25,3,34.03062132603117,0.6286713508854104,0.6066355442072682,0.0625,16,5
cub200,vit_base_patch16_224.augreg_in21k,16,clean_full,176,4,34.03062132603117,0.7016964279790635,0.7074825284379479,0.125,16,5
cub200,vit_base_patch16_224.augreg_in21k,16,clean_small_pool,12,0,34.03062132603117,0.7417104412987268,0.7912811327701719,0.375,16,5
cub200,vit_base_patch16_224.augreg_in21k,16,clean_small_pool,82,1,34.03062132603117,0.7119803350221884,0.7525027156804238,0.375,16,5
cub200,vit_base_patch16_224.augreg_in21k,16,clean_small_pool,166,2,34.03062132603117,0.636534209819909,0.6015868504712452,0.0625,16,5
cub200,vit_base_patch16_224.augreg_in21k,16,clean_small_pool,81,3,34.03062132603117,0.6276094763205873,0.6322199753115523,0.0625,16,5
cub200,vit_base_patch16_224.augreg_in21k,16,clean_small_pool,64,4,34.03062132603117,0.5552430993950135,0.5927330989695121,0.0,16,5
cub200,vit_base_patch16_224.augreg_in21k,16,noisy_full,51,0,34.03062132603117,0.7193610011003441,0.7429337207365414,0.0625,16,5
cub200,vit_base_patch16_224.augreg_in21k,16,noisy_full,101,1,34.03062132603117,0.6704660003070916,0.6896598205821212,0.125,16,5
cub200,vit_base_patch16_224.augreg_in21k,16,noisy_full,74,2,34.03062132603117,0.7086930566694082,0.7340023156438802,0.0625,16,5
cub200,vit_base_patch16_224.augreg_in21k,16,noisy_full,92,3,34.03062132603117,0.7920921987504377,0.8072686000524116,0.5,16,5
cub200,vit_base_patch16_224.augreg_in21k,16,noisy_full,0,4,34.03062132603117,0.6261156467448727,0.6465430842670987,0.0,16,5
cifar100,vit_base_patch16_224.augreg_in21k,1,clean_full,95,0,86.3956279333485,0.9999999981063522,0.9999999981063522,1.0,1,100
cifar100,vit_base_patch16_224.augreg_in21k,1,clean_full,7,1,86.3956279333485,1.0000000073709356,1.0000000073709356,1.0,1,100
cifar100,vit_base_patch16_224.augreg_in21k,1,clean_full,75,2,86.3956279333485,0.9999999692788637,0.9999999692788637,1.0,1,100
cifar100,vit_base_patch16_224.augreg_in21k,1,clean_full,86,3,86.3956279333485,1.0000000046626436,1.0000000046626436,1.0,1,100
cifar100,vit_base_patch16_224.augreg_in21k,1,clean_full,60,4,86.3956279333485,1.0000000105039426,1.0000000105039426,1.0,1,100
cifar100,vit_base_patch16_224.augreg_in21k,1,clean_small_pool,84,0,86.3956279333485,1.0000000421893933,1.0000000421893933,1.0,1,20
cifar100,vit_base_patch16_224.augreg_in21k,1,clean_small_pool,25,1,86.3956279333485,0.9999999718090098,0.9999999718090098,1.0,1,20
cifar100,vit_base_patch16_224.augreg_in21k,1,clean_small_pool,39,2,86.3956279333485,1.0000000950332497,1.0000000950332497,1.0,1,20
cifar100,vit_base_patch16_224.augreg_in21k,1,clean_small_pool,24,3,86.3956279333485,0.9999999963525804,0.9999999963525804,1.0,1,20
cifar100,vit_base_patch16_224.augreg_in21k,1,clean_small_pool,71,4,86.3956279333485,1.0000000040337809,1.0000000040337809,1.0,1,20
cifar100,vit_base_patch16_224.augreg_in21k,1,noisy_full,60,0,86.3956279333485,1.0000000333934123,1.0000000333934123,1.0,1,100
cifar100,vit_base_patch16_224.augreg_in21k,1,noisy_full,4,1,86.3956279333485,0.9999999475334812,0.9999999475334812,1.0,1,100
cifar100,vit_base_patch16_224.augreg_in21k,1,noisy_full,12,2,86.3956279333485,-0.9999999472290525,-0.9999999472290525,0.0,1,100
cifar100,vit_base_patch16_224.augreg_in21k,1,noisy_full,22,3,86.3956279333485,1.0000000015758899,1.0000000015758899,1.0,1,100
cifar100,vit_base_patch16_224.augreg_in21k,1,noisy_full,5,4,86.3956279333485,0.9999999897962696,0.9999999897962696,1.0,1,100
cifar100,vit_base_patch16_224.augreg_in21k,2,clean_full,27,0,86.3956279333485,0.9999809874245109,0.9999809874245109,1.0,2,100
cifar100,vit_base_patch16_224.augreg_in21k,2,clean_full,18,1,86.3956279333485,0.6306435871294134,0.6306435871294134,0.0,2,100
cifar100,vit_base_patch16_224.augreg_in21k,2,clean_full,84,2,86.3956279333485,0.999282018670912,0.999282018670912,1.0,2,100
cifar100,vit_base_patch16_224.augreg_in21k,2,clean_full,88,3,86.3956279333485,0.980387574114687,0.980387574114687,1.0,2,100
cifar100,vit_base_patch16_224.augreg_in21k,2,clean_full,58,4,86.3956279333485,0.975425162215215,0.975425162215215,1.0,2,100
cifar100,vit_base_patch16_224.augreg_in21k,2,clean_small_pool,41,0,86.3956279333485,0.9999542253294615,0.9999542253294615,1.0,2,20
cifar100,vit_base_patch16_224.augreg_in21k,2,clean_small_pool,68,1,86.3956279333485,0.5538761642148309,0.5538761642148309,0.0,2,20
cifar100,vit_base_patch16_224.augreg_in21k,2,clean_small_pool,63,2,86.3956279333485,0.422519615810154,0.422519615810154,0.0,2,20
cifar100,vit_base_patch16_224.augreg_in21k,2,clean_small_pool,54,3,86.3956279333485,0.6074201109298194,0.6074201109298194,0.0,2,20
cifar100,vit_base_patch16_224.augreg_in21k,2,clean_small_pool,92,4,86.3956279333485,0.9987496485275733,0.9987496485275733,1.0,2,20
cifar100,vit_base_patch16_224.augreg_in21k,2,noisy_full,1,0,86.3956279333485,0.7219099272136227,0.7219099272136227,0.0,2,100
cifar100,vit_base_patch16_224.augreg_in21k,2,noisy_full,8,1,86.3956279333485,0.6120315035735905,0.6120315035735905,0.0,2,100
cifar100,vit_base_patch16_224.augreg_in21k,2,noisy_full,27,2,86.3956279333485,0.998677036823623,0.998677036823623,1.0,2,100
cifar100,vit_base_patch16_224.augreg_in21k,2,noisy_full,43,3,86.3956279333485,0.9973061085727736,0.9973061085727736,1.0,2,100
cifar100,vit_base_patch16_224.augreg_in21k,2,noisy_full,76,4,86.3956279333485,0.8427809814062037,0.8427809814062037,1.0,2,100
cifar100,vit_base_patch16_224.augreg_in21k,4,clean_full,17,0,86.3956279333485,0.48607020825876157,0.4747792969660952,0.0,4,100
cifar100,vit_base_patch16_224.augreg_in21k,4,clean_full,38,1,86.3956279333485,0.5237963352065134,0.601743770851914,0.0,4,100
cifar100,vit_base_patch16_224.augreg_in21k,4,clean_full,13,2,86.3956279333485,0.5850324481080214,0.5800750033586828,0.0,4,100
cifar100,vit_base_patch16_224.augreg_in21k,4,clean_full,90,3,86.3956279333485,0.6264894361591936,0.5307741659123122,0.25,4,100
cifar100,vit_base_patch16_224.augreg_in21k,4,clean_full,99,4,86.3956279333485,0.6440317453381987,0.5473590543166895,0.25,4,100
cifar100,vit_base_patch16_224.augreg_in21k,4,clean_small_pool,96,0,86.3956279333485,0.7478732620125057,0.7362849677010046,0.25,4,20
cifar100,vit_base_patch16_224.augreg_in21k,4,clean_small_pool,31,1,86.3956279333485,0.6730118538585892,0.6271365457433831,0.25,4,20
cifar100,vit_base_patch16_224.augreg_in21k,4,clean_small_pool,31,2,86.3956279333485,0.7504474329883116,0.8153320019605028,0.75,4,20
cifar100,vit_base_patch16_224.augreg_in21k,4,clean_small_pool,17,3,86.3956279333485,0.5692409940857135,0.6053005055673657,0.25,4,20
cifar100,vit_base_patch16_224.augreg_in21k,4,clean_small_pool,26,4,86.3956279333485,0.5825234607805492,0.571225908518948,0.25,4,20
cifar100,vit_base_patch16_224.augreg_in21k,4,noisy_full,60,0,86.3956279333485,0.32284396336231425,0.35930693190788876,0.0,4,100
cifar100,vit_base_patch16_224.augreg_in21k,4,noisy_full,92,1,86.3956279333485,0.7740879879951008,0.8044689067810926,0.5,4,100
cifar100,vit_base_patch16_224.augreg_in21k,4,noisy_full,67,2,86.3956279333485,0.48401973239107265,0.4800780312407321,0.0,4,100
cifar100,vit_base_patch16_224.augreg_in21k,4,noisy_full,7,3,86.3956279333485,0.29676865666183866,0.33640747115253117,0.0,4,100
cifar100,vit_base_patch16_224.augreg_in21k,4,noisy_full,18,4,86.3956279333485,0.4431205713618658,0.4307362802547191,0.0,4,100
cifar100,vit_base_patch16_224.augreg_in21k,8,clean_full,45,0,86.3956279333485,0.479207193529259,0.37055380118598247,0.25,8,100
cifar100,vit_base_patch16_224.augreg_in21k,8,clean_full,27,1,86.3956279333485,0.6190731974168543,0.7156199225344395,0.25,8,100
cifar100,vit_base_patch16_224.augreg_in21k,8,clean_full,37,2,86.3956279333485,0.45474083847042646,0.3613106227569134,0.25,8,100
cifar100,vit_base_patch16_224.augreg_in21k,8,clean_full,91,3,86.3956279333485,0.5604773234009917,0.5759958507285079,0.125,8,100
cifar100,vit_base_patch16_224.augreg_in21k,8,clean_full,8,4,86.3956279333485,0.38657150574076293,0.4226212754869533,0.0,8,100
cifar100,vit_base_patch16_224.augreg_in21k,8,clean_small_pool,88,0,86.3956279333485,0.5932815109964011,0.6485006557578776,0.125,8,20
cifar100,vit_base_patch16_224.augreg_in21k,8,clean_small_pool,5,1,86.3956279333485,0.571232124059986,0.6010683701768111,0.25,8,20
cifar100,vit_base_patch16_224.augreg_in21k,8,clean_small_pool,9,2,86.3956279333485,0.47810122997854876,0.5913748047507476,0.0,8,20
cifar100,vit_base_patch16_224.augreg_in21k,8,clean_small_pool,22,3,86.3956279333485,0.3925356919481012,0.3801415475911252,0.0,8,20
cifar100,vit_base_patch16_224.augreg_in21k,8,clean_small_pool,20,4,86.3956279333485,0.42347191116171545,0.3861590605166216,0.125,8,20
cifar100,vit_base_patch16_224.augreg_in21k,8,noisy_full,4,0,86.3956279333485,0.5290857550747076,0.49866287555748223,0.0,8,100
cifar100,vit_base_patch16_224.augreg_in21k,8,noisy_full,38,1,86.3956279333485,0.609734971337188,0.6391271865793529,0.125,8,100
cifar100,vit_base_patch16_224.augreg_in21k,8,noisy_full,8,2,86.3956279333485,0.4589042786188914,0.4572101645120733,0.125,8,100
cifar100,vit_base_patch16_224.augreg_in21k,8,noisy_full,1,3,86.3956279333485,0.49039571589174114,0.517655305689684,0.0,8,100
cifar100,vit_base_patch16_224.augreg_in21k,8,noisy_full,92,4,86.3956279333485,0.6307507107831778,0.6296899709160826,0.125,8,100
cifar100,vit_base_patch16_224.augreg_in21k,16,clean_full,60,0,86.3956279333485,0.472341487972028,0.4813241161670958,0.0,16,100
cifar100,vit_base_patch16_224.augreg_in21k,16,clean_full,41,1,86.3956279333485,0.46349234973477055,0.37236576962344725,0.125,16,100
cifar100,vit_base_patch16_224.augreg_in21k,16,clean_full,67,2,86.3956279333485,0.43763599535644476,0.41700964279671104,0.0625,16,100
cifar100,vit_base_patch16_224.augreg_in21k,16,clean_full,68,3,86.3956279333485,0.5136440121868077,0.5134841693868478,0.0625,16,100
cifar100,vit_base_patch16_224.augreg_in21k,16,clean_full,65,4,86.3956279333485,0.34741155618683933,0.3388868605720028,0.0625,16,100
cifar100,vit_base_patch16_224.augreg_in21k,16,clean_small_pool,2,0,86.3956279333485,0.4092014351413833,0.3898337097685769,0.0,16,20
cifar100,vit_base_patch16_224.augreg_in21k,16,clean_small_pool,59,1,86.3956279333485,0.46278020682123633,0.45100412196844675,0.0625,16,20
cifar100,vit_base_patch16_224.augreg_in21k,16,clean_small_pool,0,2,86.3956279333485,0.6563768917723005,0.6927629019549562,0.25,16,20
cifar100,vit_base_patch16_224.augreg_in21k,16,clean_small_pool,10,3,86.3956279333485,0.32492925413773555,0.27455951154899755,0.0,16,20
cifar100,vit_base_patch16_224.augreg_in21k,16,clean_small_pool,64,4,86.3956279333485,0.520027794635439,0.5207205188765105,0.125,16,20
cifar100,vit_base_patch16_224.augreg_in21k,16,noisy_full,90,0,86.3956279333485,0.48347655553776947,0.48717893203081597,0.0,16,100
cifar100,vit_base_patch16_224.augreg_in21k,16,noisy_full,7,1,86.3956279333485,0.47701578064821554,0.44639491618284743,0.0625,16,100
cifar100,vit_base_patch16_224.augreg_in21k,16,noisy_full,92,2,86.3956279333485,0.5427894289857806,0.5288890800890516,0.0625,16,100
cifar100,vit_base_patch16_224.augreg_in21k,16,noisy_full,67,3,86.3956279333485,0.5586187416929382,0.6124228235723504,0.0625,16,100
cifar100,vit_base_patch16_224.augreg_in21k,16,noisy_full,53,4,86.3956279333485,0.5812794317347455,0.5817010688278057,0.0625,16,100
cifar100,vit_base_patch16_224.augreg_in21k,32,clean_full,83,0,86.3956279333485,0.5125474211924979,0.4951887475809942,0.0625,32,100
cifar100,vit_base_patch16_224.augreg_in21k,32,clean_full,83,1,86.3956279333485,0.5874099264506246,0.61971233695639,0.0,32,100
cifar100,vit_base_patch16_224.augreg_in21k,32,clean_full,53,2,86.3956279333485,0.5478664286628944,0.5408956288937198,0.0,32,100
cifar100,vit_base_patch16_224.augreg_in21k,32,clean_full,47,3,86.3956279333485,0.4449602965595954,0.4304358654643096,0.0,32,100
cifar100,vit_base_patch16_224.augreg_in21k,32,clean_full,75,4,86.3956279333485,0.6162556535016938,0.6342167435315635,0.0625,32,100
cifar100,vit_base_patch16_224.augreg_in21k,32,clean_small_pool,71,0,86.3956279333485,0.49524058442971,0.5145169205615675,0.0,32,20
cifar100,vit_base_patch16_224.augreg_in21k,32,clean_small_pool,39,1,86.3956279333485,0.46680394453123353,0.488332139685447,0.0,32,20
cifar100,vit_base_patch16_224.augreg_in21k,32,clean_small_pool,79,2,86.3956279333485,0.44722729727529137,0.46964628748501774,0.0,32,20
cifar100,vit_base_patch16_224.augreg_in21k,32,clean_small_pool,18,3,86.3956279333485,0.4175403704128402,0.41332559801195,0.0,32,20
cifar100,vit_base_patch16_224.augreg_in21k,32,clean_small_pool,86,4,86.3956279333485,0.5464032679115227,0.5590221404618818,0.125,32,20
cifar100,vit_base_patch16_224.augreg_in21k,32,noisy_full,44,0,86.3956279333485,0.3186197045876751,0.3259779281270561,0.0,32,100
cifar100,vit_base_patch16_224.augreg_in21k,32,noisy_full,57,1,86.3956279333485,0.4421437875156372,0.46459954361326206,0.0,32,100
cifar100,vit_base_patch16_224.augreg_in21k,32,noisy_full,99,2,86.3956279333485,0.41679277472865395,0.4441789435793534,0.0,32,100
cifar100,vit_base_patch16_224.augreg_in21k,32,noisy_full,48,3,86.3956279333485,0.46774905963585767,0.4816955437159378,0.0,32,100
cifar100,vit_base_patch16_224.augreg_in21k,32,noisy_full,91,4,86.3956279333485,0.45493766487502973,0.4515456783573527,0.0,32,100
cifar100,vit_base_patch16_224.augreg_in21k,64,clean_full,90,0,86.3956279333485,0.4445558180259076,0.4329650435322458,0.0,64,100
cifar100,vit_base_patch16_224.augreg_in21k,64,clean_full,11,1,86.3956279333485,0.387366920683477,0.3892315477611806,0.0,64,100
cifar100,vit_base_patch16_224.augreg_in21k,64,clean_full,50,2,86.3956279333485,0.44115098242603,0.44492896321416187,0.015625,64,100
cifar100,vit_base_patch16_224.augreg_in21k,64,clean_full,79,3,86.3956279333485,0.4130134966771793,0.39843987318694807,0.015625,64,100
cifar100,vit_base_patch16_224.augreg_in21k,64,clean_full,55,4,86.3956279333485,0.40969670371358435,0.4162805199986592,0.015625,64,100
cifar100,vit_base_patch16_224.augreg_in21k,64,clean_small_pool,7,0,86.3956279333485,0.49864416619917407,0.5180412715864956,0.0,64,20
cifar100,vit_base_patch16_224.augreg_in21k,64,clean_small_pool,9,1,86.3956279333485,0.47871904259637255,0.4710515471308092,0.0,64,20
cifar100,vit_base_patch16_224.augreg_in21k,64,clean_small_pool,29,2,86.3956279333485,0.40152672965169767,0.399436032234615,0.0,64,20
cifar100,vit_base_patch16_224.augreg_in21k,64,clean_small_pool,30,3,86.3956279333485,0.5713531617456667,0.5846586139263685,0.015625,64,20
cifar100,vit_base_patch16_224.augreg_in21k,64,clean_small_pool,94,4,86.3956279333485,0.48501497295954754,0.522793821704751,0.0,64,20
cifar100,vit_base_patch16_224.augreg_in21k,64,noisy_full,3,0,86.3956279333485,0.472916938568213,0.48739719064529635,0.0,64,100
cifar100,vit_base_patch16_224.augreg_in21k,64,noisy_full,99,1,86.3956279333485,0.37784245772246666,0.3866036224974618,0.0,64,100
cifar100,vit_base_patch16_224.augreg_in21k,64,noisy_full,74,2,86.3956279333485,0.46717707537074793,0.4846424896021191,0.0,64,100
cifar100,vit_base_patch16_224.augreg_in21k,64,noisy_full,82,3,86.3956279333485,0.5265866819703127,0.5522007294841,0.015625,64,100
cifar100,vit_base_patch16_224.augreg_in21k,64,noisy_full,18,4,86.3956279333485,0.42030322988701746,0.4376755376538334,0.015625,64,100
cifar100,vit_base_patch16_224.augreg_in21k,128,clean_full,68,0,86.3956279333485,0.532446641189138,0.5467806100135049,0.0078125,128,100
cifar100,vit_base_patch16_224.augreg_in21k,128,clean_full,41,1,86.3956279333485,0.4749693025981575,0.4627610235430574,0.0234375,128,100
cifar100,vit_base_patch16_224.augreg_in21k,128,clean_full,73,2,86.3956279333485,0.488079103585307,0.5064518741065092,0.0,128,100
cifar100,vit_base_patch16_224.augreg_in21k,128,clean_full,46,3,86.3956279333485,0.4040074225531792,0.42442030090635413,0.0,128,100
cifar100,vit_base_patch16_224.augreg_in21k,128,clean_full,37,4,86.3956279333485,0.4283787798274102,0.44908688521901496,0.0,128,100
cifar100,vit_base_patch16_224.augreg_in21k,128,clean_small_pool,77,0,86.3956279333485,0.4473888940999504,0.4652297956455175,0.0,128,20
cifar100,vit_base_patch16_224.augreg_in21k,128,clean_small_pool,12,1,86.3956279333485,0.3806191688712889,0.4070389204720176,0.0,128,20
cifar100,vit_base_patch16_224.augreg_in21k,128,clean_small_pool,4,2,86.3956279333485,0.4291173969661486,0.44708439290395874,0.0,128,20
cifar100,vit_base_patch16_224.augreg_in21k,128,clean_small_pool,45,3,86.3956279333485,0.32573861950802596,0.32562125422021304,0.0,128,20
cifar100,vit_base_patch16_224.augreg_in21k,128,clean_small_pool,94,4,86.3956279333485,0.4644617559419615,0.4631644983344759,0.0,128,20
cifar100,vit_base_patch16_224.augreg_in21k,128,noisy_full,96,0,86.3956279333485,0.4510769720384121,0.4571822552847255,0.0,128,100
cifar100,vit_base_patch16_224.augreg_in21k,128,noisy_full,57,1,86.3956279333485,0.44428440803009284,0.4343189421862411,0.015625,128,100
cifar100,vit_base_patch16_224.augreg_in21k,128,noisy_full,18,2,86.3956279333485,0.4173815436119104,0.466642078968737,0.0,128,100
cifar100,vit_base_patch16_224.augreg_in21k,128,noisy_full,42,3,86.3956279333485,0.47123429819107376,0.4872996903466843,0.0,128,100
cifar100,vit_base_patch16_224.augreg_in21k,128,noisy_full,80,4,86.3956279333485,0.432235186174151,0.4451873230770506,0.0,128,100
