dataset,method,seed,task_k,task_T,elapsed,acc
cub200,m0_fedavg,0,0,0,0,0.85
cub200,m0_fedavg,0,0,1,1,0.702
cub200,m0_fedavg,0,0,2,2,0.538
cub200,m0_fedavg,0,0,3,3,0.49
cub200,m0_fedavg,0,0,4,4,0.446
cub200,m0_fedavg,0,0,5,5,0.444
cub200,m0_fedavg,0,0,6,6,0.448
cub200,m0_fedavg,0,0,7,7,0.494
cub200,m0_fedavg,0,0,8,8,0.478
cub200,m0_fedavg,0,0,9,9,0.426
cub200,m0_fedavg,0,1,1,0,0.8393574297188755
cub200,m0_fedavg,0,1,2,1,0.6526104417670683
cub200,m0_fedavg,0,1,3,2,0.5903614457831325
cub200,m0_fedavg,0,1,4,3,0.5
cub200,m0_fedavg,0,1,5,4,0.4397590361445783
cub200,m0_fedavg,0,1,6,5,0.19477911646586346
cub200,m0_fedavg,0,1,7,6,0.28714859437751006
cub200,m0_fedavg,0,1,8,7,0.2891566265060241
cub200,m0_fedavg,0,1,9,8,0.3293172690763052
cub200,m0_fedavg,0,2,2,0,0.814
cub200,m0_fedavg,0,2,3,1,0.656
cub200,m0_fedavg,0,2,4,2,0.64
cub200,m0_fedavg,0,2,5,3,0.466
cub200,m0_fedavg,0,2,6,4,0.366
cub200,m0_fedavg,0,2,7,5,0.322
cub200,m0_fedavg,0,2,8,6,0.356
cub200,m0_fedavg,0,2,9,7,0.274
cub200,m0_fedavg,0,3,3,0,0.888
cub200,m0_fedavg,0,3,4,1,0.376
cub200,m0_fedavg,0,3,5,2,0.236
cub200,m0_fedavg,0,3,6,3,0.244
cub200,m0_fedavg,0,3,7,4,0.28
cub200,m0_fedavg,0,3,8,5,0.3
cub200,m0_fedavg,0,3,9,6,0.198
cub200,m0_fedavg,0,4,4,0,0.892
cub200,m0_fedavg,0,4,5,1,0.488
cub200,m0_fedavg,0,4,6,2,0.434
cub200,m0_fedavg,0,4,7,3,0.454
cub200,m0_fedavg,0,4,8,4,0.462
cub200,m0_fedavg,0,4,9,5,0.386
cub200,m0_fedavg,0,5,5,0,0.9258517034068137
cub200,m0_fedavg,0,5,6,1,0.4408817635270541
cub200,m0_fedavg,0,5,7,2,0.46092184368737477
cub200,m0_fedavg,0,5,8,3,0.4348697394789579
cub200,m0_fedavg,0,5,9,4,0.3787575150300601
cub200,m0_fedavg,0,6,6,0,0.9458917835671342
cub200,m0_fedavg,0,6,7,1,0.7334669338677354
cub200,m0_fedavg,0,6,8,2,0.6092184368737475
cub200,m0_fedavg,0,6,9,3,0.5871743486973948
cub200,m0_fedavg,0,7,7,0,0.826
cub200,m0_fedavg,0,7,8,1,0.566
cub200,m0_fedavg,0,7,9,2,0.482
cub200,m0_fedavg,0,8,8,0,0.916
cub200,m0_fedavg,0,8,9,1,0.6
cub200,m0_fedavg,0,9,9,0,0.9076305220883534
cub200,m0_fedavg,1,0,0,0,0.9458917835671342
cub200,m0_fedavg,1,0,1,1,0.7274549098196392
cub200,m0_fedavg,1,0,2,2,0.5070140280561122
cub200,m0_fedavg,1,0,3,3,0.501002004008016
cub200,m0_fedavg,1,0,4,4,0.4649298597194389
cub200,m0_fedavg,1,0,5,5,0.3527054108216433
cub200,m0_fedavg,1,0,6,6,0.2725450901803607
cub200,m0_fedavg,1,0,7,7,0.22845691382765532
cub200,m0_fedavg,1,0,8,8,0.27655310621242485
cub200,m0_fedavg,1,0,9,9,0.24048096192384769
cub200,m0_fedavg,1,1,1,0,0.938
cub200,m0_fedavg,1,1,2,1,0.734
cub200,m0_fedavg,1,1,3,2,0.746
cub200,m0_fedavg,1,1,4,3,0.57
cub200,m0_fedavg,1,1,5,4,0.522
cub200,m0_fedavg,1,1,6,5,0.418
cub200,m0_fedavg,1,1,7,6,0.45
cub200,m0_fedavg,1,1,8,7,0.428
cub200,m0_fedavg,1,1,9,8,0.424
cub200,m0_fedavg,1,2,2,0,0.8514056224899599
cub200,m0_fedavg,1,2,3,1,0.6004016064257028
cub200,m0_fedavg,1,2,4,2,0.38353413654618473
cub200,m0_fedavg,1,2,5,3,0.3514056224899598
cub200,m0_fedavg,1,2,6,4,0.3614457831325301
cub200,m0_fedavg,1,2,7,5,0.3373493975903614
cub200,m0_fedavg,1,2,8,6,0.37751004016064255
cub200,m0_fedavg,1,2,9,7,0.3232931726907631
cub200,m0_fedavg,1,3,3,0,0.9138276553106213
cub200,m0_fedavg,1,3,4,1,0.593186372745491
cub200,m0_fedavg,1,3,5,2,0.5190380761523046
cub200,m0_fedavg,1,3,6,3,0.40681362725450904
cub200,m0_fedavg,1,3,7,4,0.3627254509018036
cub200,m0_fedavg,1,3,8,5,0.3026052104208417
cub200,m0_fedavg,1,3,9,6,0.28256513026052105
cub200,m0_fedavg,1,4,4,0,0.892
cub200,m0_fedavg,1,4,5,1,0.75
cub200,m0_fedavg,1,4,6,2,0.572
cub200,m0_fedavg,1,4,7,3,0.472
cub200,m0_fedavg,1,4,8,4,0.462
cub200,m0_fedavg,1,4,9,5,0.416
cub200,m0_fedavg,1,5,5,0,0.95
cub200,m0_fedavg,1,5,6,1,0.718
cub200,m0_fedavg,1,5,7,2,0.668
cub200,m0_fedavg,1,5,8,3,0.702
cub200,m0_fedavg,1,5,9,4,0.672
cub200,m0_fedavg,1,6,6,0,0.926
cub200,m0_fedavg,1,6,7,1,0.53
cub200,m0_fedavg,1,6,8,2,0.398
cub200,m0_fedavg,1,6,9,3,0.386
cub200,m0_fedavg,1,7,7,0,0.9178356713426854
cub200,m0_fedavg,1,7,8,1,0.6292585170340681
cub200,m0_fedavg,1,7,9,2,0.49899799599198397
cub200,m0_fedavg,1,8,8,0,0.9659318637274549
cub200,m0_fedavg,1,8,9,1,0.4909819639278557
cub200,m0_fedavg,1,9,9,0,0.952
cub200,m0_fedavg,2,0,0,0,0.938
cub200,m0_fedavg,2,0,1,1,0.658
cub200,m0_fedavg,2,0,2,2,0.634
cub200,m0_fedavg,2,0,3,3,0.532
cub200,m0_fedavg,2,0,4,4,0.45
cub200,m0_fedavg,2,0,5,5,0.41
cub200,m0_fedavg,2,0,6,6,0.458
cub200,m0_fedavg,2,0,7,7,0.268
cub200,m0_fedavg,2,0,8,8,0.306
cub200,m0_fedavg,2,0,9,9,0.236
cub200,m0_fedavg,2,1,1,0,0.934
cub200,m0_fedavg,2,1,2,1,0.608
cub200,m0_fedavg,2,1,3,2,0.57
cub200,m0_fedavg,2,1,4,3,0.45
cub200,m0_fedavg,2,1,5,4,0.456
cub200,m0_fedavg,2,1,6,5,0.442
cub200,m0_fedavg,2,1,7,6,0.362
cub200,m0_fedavg,2,1,8,7,0.368
cub200,m0_fedavg,2,1,9,8,0.256
cub200,m0_fedavg,2,2,2,0,0.896
cub200,m0_fedavg,2,2,3,1,0.392
cub200,m0_fedavg,2,2,4,2,0.342
cub200,m0_fedavg,2,2,5,3,0.188
cub200,m0_fedavg,2,2,6,4,0.32
cub200,m0_fedavg,2,2,7,5,0.248
cub200,m0_fedavg,2,2,8,6,0.204
cub200,m0_fedavg,2,2,9,7,0.216
cub200,m0_fedavg,2,3,3,0,0.8993963782696177
cub200,m0_fedavg,2,3,4,1,0.641851106639839
cub200,m0_fedavg,2,3,5,2,0.42052313883299797
cub200,m0_fedavg,2,3,6,3,0.35412474849094566
cub200,m0_fedavg,2,3,7,4,0.289738430583501
cub200,m0_fedavg,2,3,8,5,0.2977867203219316
cub200,m0_fedavg,2,3,9,6,0.23541247484909456
cub200,m0_fedavg,2,4,4,0,0.86
cub200,m0_fedavg,2,4,5,1,0.504
cub200,m0_fedavg,2,4,6,2,0.484
cub200,m0_fedavg,2,4,7,3,0.4
cub200,m0_fedavg,2,4,8,4,0.346
cub200,m0_fedavg,2,4,9,5,0.236
cub200,m0_fedavg,2,5,5,0,0.906
cub200,m0_fedavg,2,5,6,1,0.756
cub200,m0_fedavg,2,5,7,2,0.494
cub200,m0_fedavg,2,5,8,3,0.494
cub200,m0_fedavg,2,5,9,4,0.376
cub200,m0_fedavg,2,6,6,0,0.916
cub200,m0_fedavg,2,6,7,1,0.766
cub200,m0_fedavg,2,6,8,2,0.64
cub200,m0_fedavg,2,6,9,3,0.492
cub200,m0_fedavg,2,7,7,0,0.9338677354709419
cub200,m0_fedavg,2,7,8,1,0.3687374749498998
cub200,m0_fedavg,2,7,9,2,0.20841683366733466
cub200,m0_fedavg,2,8,8,0,0.8897795591182365
cub200,m0_fedavg,2,8,9,1,0.5531062124248497
cub200,m0_fedavg,2,9,9,0,0.7895791583166333
cub200,m0_fedavg,3,0,0,0,0.892
cub200,m0_fedavg,3,0,1,1,0.672
cub200,m0_fedavg,3,0,2,2,0.532
cub200,m0_fedavg,3,0,3,3,0.486
cub200,m0_fedavg,3,0,4,4,0.366
cub200,m0_fedavg,3,0,5,5,0.264
cub200,m0_fedavg,3,0,6,6,0.342
cub200,m0_fedavg,3,0,7,7,0.256
cub200,m0_fedavg,3,0,8,8,0.16
cub200,m0_fedavg,3,0,9,9,0.122
cub200,m0_fedavg,3,1,1,0,0.882
cub200,m0_fedavg,3,1,2,1,0.568
cub200,m0_fedavg,3,1,3,2,0.51
cub200,m0_fedavg,3,1,4,3,0.428
cub200,m0_fedavg,3,1,5,4,0.38
cub200,m0_fedavg,3,1,6,5,0.394
cub200,m0_fedavg,3,1,7,6,0.454
cub200,m0_fedavg,3,1,8,7,0.352
cub200,m0_fedavg,3,1,9,8,0.212
cub200,m0_fedavg,3,2,2,0,0.9539078156312625
cub200,m0_fedavg,3,2,3,1,0.593186372745491
cub200,m0_fedavg,3,2,4,2,0.3346693386773547
cub200,m0_fedavg,3,2,5,3,0.42084168336673344
cub200,m0_fedavg,3,2,6,4,0.43286573146292584
cub200,m0_fedavg,3,2,7,5,0.30060120240480964
cub200,m0_fedavg,3,2,8,6,0.24048096192384769
cub200,m0_fedavg,3,2,9,7,0.19839679358717435
cub200,m0_fedavg,3,3,3,0,0.9598393574297188
cub200,m0_fedavg,3,3,4,1,0.606425702811245
cub200,m0_fedavg,3,3,5,2,0.5903614457831325
cub200,m0_fedavg,3,3,6,3,0.43172690763052207
cub200,m0_fedavg,3,3,7,4,0.3493975903614458
cub200,m0_fedavg,3,3,8,5,0.21084337349397592
cub200,m0_fedavg,3,3,9,6,0.25903614457831325
cub200,m0_fedavg,3,4,4,0,0.87
cub200,m0_fedavg,3,4,5,1,0.538
cub200,m0_fedavg,3,4,6,2,0.584
cub200,m0_fedavg,3,4,7,3,0.47
cub200,m0_fedavg,3,4,8,4,0.334
cub200,m0_fedavg,3,4,9,5,0.33
cub200,m0_fedavg,3,5,5,0,0.97
cub200,m0_fedavg,3,5,6,1,0.67
cub200,m0_fedavg,3,5,7,2,0.556
cub200,m0_fedavg,3,5,8,3,0.4
cub200,m0_fedavg,3,5,9,4,0.4
cub200,m0_fedavg,3,6,6,0,0.9278557114228457
cub200,m0_fedavg,3,6,7,1,0.591182364729459
cub200,m0_fedavg,3,6,8,2,0.5831663326653307
cub200,m0_fedavg,3,6,9,3,0.5190380761523046
cub200,m0_fedavg,3,7,7,0,0.88
cub200,m0_fedavg,3,7,8,1,0.672
cub200,m0_fedavg,3,7,9,2,0.57
cub200,m0_fedavg,3,8,8,0,0.9458917835671342
cub200,m0_fedavg,3,8,9,1,0.5891783567134269
cub200,m0_fedavg,3,9,9,0,0.811623246492986
cub200,m0_fedavg,4,0,0,0,0.918
cub200,m0_fedavg,4,0,1,1,0.466
cub200,m0_fedavg,4,0,2,2,0.406
cub200,m0_fedavg,4,0,3,3,0.308
cub200,m0_fedavg,4,0,4,4,0.284
cub200,m0_fedavg,4,0,5,5,0.238
cub200,m0_fedavg,4,0,6,6,0.27
cub200,m0_fedavg,4,0,7,7,0.298
cub200,m0_fedavg,4,0,8,8,0.232
cub200,m0_fedavg,4,0,9,9,0.216
cub200,m0_fedavg,4,1,1,0,0.968
cub200,m0_fedavg,4,1,2,1,0.606
cub200,m0_fedavg,4,1,3,2,0.46
cub200,m0_fedavg,4,1,4,3,0.334
cub200,m0_fedavg,4,1,5,4,0.236
cub200,m0_fedavg,4,1,6,5,0.246
cub200,m0_fedavg,4,1,7,6,0.266
cub200,m0_fedavg,4,1,8,7,0.258
cub200,m0_fedavg,4,1,9,8,0.186
cub200,m0_fedavg,4,2,2,0,0.914
cub200,m0_fedavg,4,2,3,1,0.542
cub200,m0_fedavg,4,2,4,2,0.464
cub200,m0_fedavg,4,2,5,3,0.328
cub200,m0_fedavg,4,2,6,4,0.434
cub200,m0_fedavg,4,2,7,5,0.406
cub200,m0_fedavg,4,2,8,6,0.408
cub200,m0_fedavg,4,2,9,7,0.282
cub200,m0_fedavg,4,3,3,0,0.9659318637274549
cub200,m0_fedavg,4,3,4,1,0.6533066132264529
cub200,m0_fedavg,4,3,5,2,0.3907815631262525
cub200,m0_fedavg,4,3,6,3,0.36072144288577157
cub200,m0_fedavg,4,3,7,4,0.3967935871743487
cub200,m0_fedavg,4,3,8,5,0.3807615230460922
cub200,m0_fedavg,4,3,9,6,0.35070140280561124
cub200,m0_fedavg,4,4,4,0,0.854
cub200,m0_fedavg,4,4,5,1,0.53
cub200,m0_fedavg,4,4,6,2,0.466
cub200,m0_fedavg,4,4,7,3,0.44
cub200,m0_fedavg,4,4,8,4,0.332
cub200,m0_fedavg,4,4,9,5,0.28
cub200,m0_fedavg,4,5,5,0,0.9317269076305221
cub200,m0_fedavg,4,5,6,1,0.7670682730923695
cub200,m0_fedavg,4,5,7,2,0.6345381526104418
cub200,m0_fedavg,4,5,8,3,0.5020080321285141
cub200,m0_fedavg,4,5,9,4,0.3755020080321285
cub200,m0_fedavg,4,6,6,0,0.93
cub200,m0_fedavg,4,6,7,1,0.552
cub200,m0_fedavg,4,6,8,2,0.538
cub200,m0_fedavg,4,6,9,3,0.354
cub200,m0_fedavg,4,7,7,0,0.9759036144578314
cub200,m0_fedavg,4,7,8,1,0.6244979919678715
cub200,m0_fedavg,4,7,9,2,0.3815261044176707
cub200,m0_fedavg,4,8,8,0,0.958
cub200,m0_fedavg,4,8,9,1,0.7
cub200,m0_fedavg,4,9,9,0,0.9579158316633266
cub200,m1_glfc,0,0,0,0,0.85
cub200,m1_glfc,0,0,1,1,0.954
cub200,m1_glfc,0,0,2,2,0.978
cub200,m1_glfc,0,0,3,3,0.98
cub200,m1_glfc,0,0,4,4,0.976
cub200,m1_glfc,0,0,5,5,0.966
cub200,m1_glfc,0,0,6,6,0.956
cub200,m1_glfc,0,0,7,7,0.954
cub200,m1_glfc,0,0,8,8,0.95
cub200,m1_glfc,0,0,9,9,0.936
cub200,m1_glfc,0,1,1,0,0.25301204819277107
cub200,m1_glfc,0,1,2,1,0.6807228915662651
cub200,m1_glfc,0,1,3,2,0.7570281124497992
cub200,m1_glfc,0,1,4,3,0.7951807228915663
cub200,m1_glfc,0,1,5,4,0.7710843373493976
cub200,m1_glfc,0,1,6,5,0.7690763052208835
cub200,m1_glfc,0,1,7,6,0.7730923694779116
cub200,m1_glfc,0,1,8,7,0.7690763052208835
cub200,m1_glfc,0,1,9,8,0.7670682730923695
cub200,m1_glfc,0,2,2,0,0.12
cub200,m1_glfc,0,2,3,1,0.504
cub200,m1_glfc,0,2,4,2,0.68
cub200,m1_glfc,0,2,5,3,0.72
cub200,m1_glfc,0,2,6,4,0.718
cub200,m1_glfc,0,2,7,5,0.714
cub200,m1_glfc,0,2,8,6,0.752
cub200,m1_glfc,0,2,9,7,0.762
cub200,m1_glfc,0,3,3,0,0.014
cub200,m1_glfc,0,3,4,1,0.586
cub200,m1_glfc,0,3,5,2,0.7
cub200,m1_glfc,0,3,6,3,0.712
cub200,m1_glfc,0,3,7,4,0.72
cub200,m1_glfc,0,3,8,5,0.74
cub200,m1_glfc,0,3,9,6,0.76
cub200,m1_glfc,0,4,4,0,0.09
cub200,m1_glfc,0,4,5,1,0.468
cub200,m1_glfc,0,4,6,2,0.562
cub200,m1_glfc,0,4,7,3,0.614
cub200,m1_glfc,0,4,8,4,0.682
cub200,m1_glfc,0,4,9,5,0.682
cub200,m1_glfc,0,5,5,0,0.036072144288577156
cub200,m1_glfc,0,5,6,1,0.2785571142284569
cub200,m1_glfc,0,5,7,2,0.35470941883767537
cub200,m1_glfc,0,5,8,3,0.42685370741482964
cub200,m1_glfc,0,5,9,4,0.4709418837675351
cub200,m1_glfc,0,6,6,0,0.0
cub200,m1_glfc,0,6,7,1,0.18837675350701402
cub200,m1_glfc,0,6,8,2,0.3026052104208417
cub200,m1_glfc,0,6,9,3,0.3787575150300601
cub200,m1_glfc,0,7,7,0,0.022
cub200,m1_glfc,0,7,8,1,0.276
cub200,m1_glfc,0,7,9,2,0.362
cub200,m1_glfc,0,8,8,0,0.0
cub200,m1_glfc,0,8,9,1,0.17
cub200,m1_glfc,0,9,9,0,0.0
cub200,m1_glfc,1,0,0,0,0.9458917835671342
cub200,m1_glfc,1,0,1,1,0.9418837675350702
cub200,m1_glfc,1,0,2,2,0.9478957915831663
cub200,m1_glfc,1,0,3,3,0.9679358717434869
cub200,m1_glfc,1,0,4,4,0.9639278557114228
cub200,m1_glfc,1,0,5,5,0.9418837675350702
cub200,m1_glfc,1,0,6,6,0.935871743486974
cub200,m1_glfc,1,0,7,7,0.9278557114228457
cub200,m1_glfc,1,0,8,8,0.9218436873747495
cub200,m1_glfc,1,0,9,9,0.9198396793587175
cub200,m1_glfc,1,1,1,0,0.11
cub200,m1_glfc,1,1,2,1,0.64
cub200,m1_glfc,1,1,3,2,0.77
cub200,m1_glfc,1,1,4,3,0.824
cub200,m1_glfc,1,1,5,4,0.882
cub200,m1_glfc,1,1,6,5,0.88
cub200,m1_glfc,1,1,7,6,0.868
cub200,m1_glfc,1,1,8,7,0.874
cub200,m1_glfc,1,1,9,8,0.876
cub200,m1_glfc,1,2,2,0,0.028112449799196786
cub200,m1_glfc,1,2,3,1,0.4357429718875502
cub200,m1_glfc,1,2,4,2,0.5120481927710844
cub200,m1_glfc,1,2,5,3,0.5923694779116466
cub200,m1_glfc,1,2,6,4,0.5923694779116466
cub200,m1_glfc,1,2,7,5,0.6164658634538153
cub200,m1_glfc,1,2,8,6,0.6144578313253012
cub200,m1_glfc,1,2,9,7,0.606425702811245
cub200,m1_glfc,1,3,3,0,0.14228456913827656
cub200,m1_glfc,1,3,4,1,0.48897795591182364
cub200,m1_glfc,1,3,5,2,0.6232464929859719
cub200,m1_glfc,1,3,6,3,0.6913827655310621
cub200,m1_glfc,1,3,7,4,0.7615230460921844
cub200,m1_glfc,1,3,8,5,0.7755511022044088
cub200,m1_glfc,1,3,9,6,0.7835671342685371
cub200,m1_glfc,1,4,4,0,0.054
cub200,m1_glfc,1,4,5,1,0.406
cub200,m1_glfc,1,4,6,2,0.506
cub200,m1_glfc,1,4,7,3,0.56
cub200,m1_glfc,1,4,8,4,0.568
cub200,m1_glfc,1,4,9,5,0.584
cub200,m1_glfc,1,5,5,0,0.024
cub200,m1_glfc,1,5,6,1,0.268
cub200,m1_glfc,1,5,7,2,0.442
cub200,m1_glfc,1,5,8,3,0.506
cub200,m1_glfc,1,5,9,4,0.52
cub200,m1_glfc,1,6,6,0,0.002
cub200,m1_glfc,1,6,7,1,0.236
cub200,m1_glfc,1,6,8,2,0.376
cub200,m1_glfc,1,6,9,3,0.432
cub200,m1_glfc,1,7,7,0,0.0
cub200,m1_glfc,1,7,8,1,0.18837675350701402
cub200,m1_glfc,1,7,9,2,0.2865731462925852
cub200,m1_glfc,1,8,8,0,0.008016032064128256
cub200,m1_glfc,1,8,9,1,0.3226452905811623
cub200,m1_glfc,1,9,9,0,0.0
cub200,m1_glfc,2,0,0,0,0.938
cub200,m1_glfc,2,0,1,1,0.916
cub200,m1_glfc,2,0,2,2,0.874
cub200,m1_glfc,2,0,3,3,0.868
cub200,m1_glfc,2,0,4,4,0.878
cub200,m1_glfc,2,0,5,5,0.882
cub200,m1_glfc,2,0,6,6,0.888
cub200,m1_glfc,2,0,7,7,0.884
cub200,m1_glfc,2,0,8,8,0.902
cub200,m1_glfc,2,0,9,9,0.9
cub200,m1_glfc,2,1,1,0,0.088
cub200,m1_glfc,2,1,2,1,0.538
cub200,m1_glfc,2,1,3,2,0.63
cub200,m1_glfc,2,1,4,3,0.63
cub200,m1_glfc,2,1,5,4,0.628
cub200,m1_glfc,2,1,6,5,0.644
cub200,m1_glfc,2,1,7,6,0.636
cub200,m1_glfc,2,1,8,7,0.642
cub200,m1_glfc,2,1,9,8,0.636
cub200,m1_glfc,2,2,2,0,0.102
cub200,m1_glfc,2,2,3,1,0.382
cub200,m1_glfc,2,2,4,2,0.516
cub200,m1_glfc,2,2,5,3,0.536
cub200,m1_glfc,2,2,6,4,0.568
cub200,m1_glfc,2,2,7,5,0.584
cub200,m1_glfc,2,2,8,6,0.582
cub200,m1_glfc,2,2,9,7,0.586
cub200,m1_glfc,2,3,3,0,0.04024144869215292
cub200,m1_glfc,2,3,4,1,0.2193158953722334
cub200,m1_glfc,2,3,5,2,0.2716297786720322
cub200,m1_glfc,2,3,6,3,0.3782696177062374
cub200,m1_glfc,2,3,7,4,0.44064386317907445
cub200,m1_glfc,2,3,8,5,0.4708249496981891
cub200,m1_glfc,2,3,9,6,0.47283702213279677
cub200,m1_glfc,2,4,4,0,0.03
cub200,m1_glfc,2,4,5,1,0.328
cub200,m1_glfc,2,4,6,2,0.5
cub200,m1_glfc,2,4,7,3,0.588
cub200,m1_glfc,2,4,8,4,0.604
cub200,m1_glfc,2,4,9,5,0.684
cub200,m1_glfc,2,5,5,0,0.008
cub200,m1_glfc,2,5,6,1,0.366
cub200,m1_glfc,2,5,7,2,0.554
cub200,m1_glfc,2,5,8,3,0.576
cub200,m1_glfc,2,5,9,4,0.64
cub200,m1_glfc,2,6,6,0,0.042
cub200,m1_glfc,2,6,7,1,0.296
cub200,m1_glfc,2,6,8,2,0.406
cub200,m1_glfc,2,6,9,3,0.47
cub200,m1_glfc,2,7,7,0,0.002004008016032064
cub200,m1_glfc,2,7,8,1,0.1683366733466934
cub200,m1_glfc,2,7,9,2,0.2905811623246493
cub200,m1_glfc,2,8,8,0,0.0
cub200,m1_glfc,2,8,9,1,0.20040080160320642
cub200,m1_glfc,2,9,9,0,0.0
cub200,m1_glfc,3,0,0,0,0.892
cub200,m1_glfc,3,0,1,1,0.93
cub200,m1_glfc,3,0,2,2,0.93
cub200,m1_glfc,3,0,3,3,0.924
cub200,m1_glfc,3,0,4,4,0.934
cub200,m1_glfc,3,0,5,5,0.908
cub200,m1_glfc,3,0,6,6,0.896
cub200,m1_glfc,3,0,7,7,0.902
cub200,m1_glfc,3,0,8,8,0.902
cub200,m1_glfc,3,0,9,9,0.89
cub200,m1_glfc,3,1,1,0,0.214
cub200,m1_glfc,3,1,2,1,0.66
cub200,m1_glfc,3,1,3,2,0.74
cub200,m1_glfc,3,1,4,3,0.814
cub200,m1_glfc,3,1,5,4,0.856
cub200,m1_glfc,3,1,6,5,0.87
cub200,m1_glfc,3,1,7,6,0.874
cub200,m1_glfc,3,1,8,7,0.86
cub200,m1_glfc,3,1,9,8,0.858
cub200,m1_glfc,3,2,2,0,0.08216432865731463
cub200,m1_glfc,3,2,3,1,0.3867735470941884
cub200,m1_glfc,3,2,4,2,0.5811623246492986
cub200,m1_glfc,3,2,5,3,0.7114228456913828
cub200,m1_glfc,3,2,6,4,0.7434869739478958
cub200,m1_glfc,3,2,7,5,0.7635270541082164
cub200,m1_glfc,3,2,8,6,0.779559118236473
cub200,m1_glfc,3,2,9,7,0.8036072144288577
cub200,m1_glfc,3,3,3,0,0.020080321285140562
cub200,m1_glfc,3,3,4,1,0.43775100401606426
cub200,m1_glfc,3,3,5,2,0.6124497991967871
cub200,m1_glfc,3,3,6,3,0.6506024096385542
cub200,m1_glfc,3,3,7,4,0.6546184738955824
cub200,m1_glfc,3,3,8,5,0.7128514056224899
cub200,m1_glfc,3,3,9,6,0.7128514056224899
cub200,m1_glfc,3,4,4,0,0.076
cub200,m1_glfc,3,4,5,1,0.368
cub200,m1_glfc,3,4,6,2,0.424
cub200,m1_glfc,3,4,7,3,0.536
cub200,m1_glfc,3,4,8,4,0.584
cub200,m1_glfc,3,4,9,5,0.568
cub200,m1_glfc,3,5,5,0,0.004
cub200,m1_glfc,3,5,6,1,0.178
cub200,m1_glfc,3,5,7,2,0.268
cub200,m1_glfc,3,5,8,3,0.396
cub200,m1_glfc,3,5,9,4,0.422
cub200,m1_glfc,3,6,6,0,0.0
cub200,m1_glfc,3,6,7,1,0.18236472945891782
cub200,m1_glfc,3,6,8,2,0.32665330661322645
cub200,m1_glfc,3,6,9,3,0.46893787575150303
cub200,m1_glfc,3,7,7,0,0.0
cub200,m1_glfc,3,7,8,1,0.206
cub200,m1_glfc,3,7,9,2,0.308
cub200,m1_glfc,3,8,8,0,0.0
cub200,m1_glfc,3,8,9,1,0.21643286573146292
cub200,m1_glfc,3,9,9,0,0.002004008016032064
cub200,m1_glfc,4,0,0,0,0.918
cub200,m1_glfc,4,0,1,1,0.932
cub200,m1_glfc,4,0,2,2,0.932
cub200,m1_glfc,4,0,3,3,0.908
cub200,m1_glfc,4,0,4,4,0.872
cub200,m1_glfc,4,0,5,5,0.838
cub200,m1_glfc,4,0,6,6,0.824
cub200,m1_glfc,4,0,7,7,0.808
cub200,m1_glfc,4,0,8,8,0.796
cub200,m1_glfc,4,0,9,9,0.796
cub200,m1_glfc,4,1,1,0,0.284
cub200,m1_glfc,4,1,2,1,0.642
cub200,m1_glfc,4,1,3,2,0.762
cub200,m1_glfc,4,1,4,3,0.798
cub200,m1_glfc,4,1,5,4,0.834
cub200,m1_glfc,4,1,6,5,0.812
cub200,m1_glfc,4,1,7,6,0.822
cub200,m1_glfc,4,1,8,7,0.836
cub200,m1_glfc,4,1,9,8,0.836
cub200,m1_glfc,4,2,2,0,0.182
cub200,m1_glfc,4,2,3,1,0.588
cub200,m1_glfc,4,2,4,2,0.684
cub200,m1_glfc,4,2,5,3,0.746
cub200,m1_glfc,4,2,6,4,0.792
cub200,m1_glfc,4,2,7,5,0.814
cub200,m1_glfc,4,2,8,6,0.85
cub200,m1_glfc,4,2,9,7,0.85
cub200,m1_glfc,4,3,3,0,0.008016032064128256
cub200,m1_glfc,4,3,4,1,0.48296593186372744
cub200,m1_glfc,4,3,5,2,0.7214428857715431
cub200,m1_glfc,4,3,6,3,0.8176352705410822
cub200,m1_glfc,4,3,7,4,0.8336673346693386
cub200,m1_glfc,4,3,8,5,0.8537074148296593
cub200,m1_glfc,4,3,9,6,0.8697394789579158
cub200,m1_glfc,4,4,4,0,0.02
cub200,m1_glfc,4,4,5,1,0.456
cub200,m1_glfc,4,4,6,2,0.664
cub200,m1_glfc,4,4,7,3,0.692
cub200,m1_glfc,4,4,8,4,0.738
cub200,m1_glfc,4,4,9,5,0.766
cub200,m1_glfc,4,5,5,0,0.04216867469879518
cub200,m1_glfc,4,5,6,1,0.5823293172690763
cub200,m1_glfc,4,5,7,2,0.7349397590361446
cub200,m1_glfc,4,5,8,3,0.7550200803212851
cub200,m1_glfc,4,5,9,4,0.7751004016064257
cub200,m1_glfc,4,6,6,0,0.0
cub200,m1_glfc,4,6,7,1,0.162
cub200,m1_glfc,4,6,8,2,0.252
cub200,m1_glfc,4,6,9,3,0.306
cub200,m1_glfc,4,7,7,0,0.0
cub200,m1_glfc,4,7,8,1,0.22690763052208834
cub200,m1_glfc,4,7,9,2,0.29116465863453816
cub200,m1_glfc,4,8,8,0,0.0
cub200,m1_glfc,4,8,9,1,0.214
cub200,m1_glfc,4,9,9,0,0.0
cub200,m2_target,0,0,0,0,0.85
cub200,m2_target,0,0,1,1,0.986
cub200,m2_target,0,0,2,2,0.962
cub200,m2_target,0,0,3,3,0.958
cub200,m2_target,0,0,4,4,0.964
cub200,m2_target,0,0,5,5,0.954
cub200,m2_target,0,0,6,6,0.94
cub200,m2_target,0,0,7,7,0.934
cub200,m2_target,0,0,8,8,0.94
cub200,m2_target,0,0,9,9,0.938
cub200,m2_target,0,1,1,0,0.004016064257028112
cub200,m2_target,0,1,2,1,0.8072289156626506
cub200,m2_target,0,1,3,2,0.7831325301204819
cub200,m2_target,0,1,4,3,0.7610441767068273
cub200,m2_target,0,1,5,4,0.7269076305220884
cub200,m2_target,0,1,6,5,0.7369477911646586
cub200,m2_target,0,1,7,6,0.7690763052208835
cub200,m2_target,0,1,8,7,0.7570281124497992
cub200,m2_target,0,1,9,8,0.7269076305220884
cub200,m2_target,0,2,2,0,0.012
cub200,m2_target,0,2,3,1,0.844
cub200,m2_target,0,2,4,2,0.754
cub200,m2_target,0,2,5,3,0.748
cub200,m2_target,0,2,6,4,0.762
cub200,m2_target,0,2,7,5,0.722
cub200,m2_target,0,2,8,6,0.69
cub200,m2_target,0,2,9,7,0.692
cub200,m2_target,0,3,3,0,0.004
cub200,m2_target,0,3,4,1,0.736
cub200,m2_target,0,3,5,2,0.714
cub200,m2_target,0,3,6,3,0.7
cub200,m2_target,0,3,7,4,0.698
cub200,m2_target,0,3,8,5,0.728
cub200,m2_target,0,3,9,6,0.762
cub200,m2_target,0,4,4,0,0.002
cub200,m2_target,0,4,5,1,0.77
cub200,m2_target,0,4,6,2,0.784
cub200,m2_target,0,4,7,3,0.762
cub200,m2_target,0,4,8,4,0.762
cub200,m2_target,0,4,9,5,0.77
cub200,m2_target,0,5,5,0,0.004008016032064128
cub200,m2_target,0,5,6,1,0.6352705410821643
cub200,m2_target,0,5,7,2,0.5290581162324649
cub200,m2_target,0,5,8,3,0.561122244488978
cub200,m2_target,0,5,9,4,0.5851703406813628
cub200,m2_target,0,6,6,0,0.0
cub200,m2_target,0,6,7,1,0.7454909819639278
cub200,m2_target,0,6,8,2,0.7094188376753507
cub200,m2_target,0,6,9,3,0.7394789579158316
cub200,m2_target,0,7,7,0,0.006
cub200,m2_target,0,7,8,1,0.72
cub200,m2_target,0,7,9,2,0.648
cub200,m2_target,0,8,8,0,0.004
cub200,m2_target,0,8,9,1,0.804
cub200,m2_target,0,9,9,0,0.0
cub200,m2_target,1,0,0,0,0.9458917835671342
cub200,m2_target,1,0,1,1,0.9438877755511023
cub200,m2_target,1,0,2,2,0.935871743486974
cub200,m2_target,1,0,3,3,0.9298597194388778
cub200,m2_target,1,0,4,4,0.935871743486974
cub200,m2_target,1,0,5,5,0.9078156312625251
cub200,m2_target,1,0,6,6,0.8957915831663327
cub200,m2_target,1,0,7,7,0.8877755511022044
cub200,m2_target,1,0,8,8,0.8877755511022044
cub200,m2_target,1,0,9,9,0.8877755511022044
cub200,m2_target,1,1,1,0,0.012
cub200,m2_target,1,1,2,1,0.902
cub200,m2_target,1,1,3,2,0.86
cub200,m2_target,1,1,4,3,0.866
cub200,m2_target,1,1,5,4,0.788
cub200,m2_target,1,1,6,5,0.822
cub200,m2_target,1,1,7,6,0.804
cub200,m2_target,1,1,8,7,0.794
cub200,m2_target,1,1,9,8,0.796
cub200,m2_target,1,2,2,0,0.01606425702811245
cub200,m2_target,1,2,3,1,0.7610441767068273
cub200,m2_target,1,2,4,2,0.6666666666666666
cub200,m2_target,1,2,5,3,0.6566265060240963
cub200,m2_target,1,2,6,4,0.6987951807228916
cub200,m2_target,1,2,7,5,0.7028112449799196
cub200,m2_target,1,2,8,6,0.7028112449799196
cub200,m2_target,1,2,9,7,0.7028112449799196
cub200,m2_target,1,3,3,0,0.004008016032064128
cub200,m2_target,1,3,4,1,0.6933867735470942
cub200,m2_target,1,3,5,2,0.7194388777555111
cub200,m2_target,1,3,6,3,0.7635270541082164
cub200,m2_target,1,3,7,4,0.7434869739478958
cub200,m2_target,1,3,8,5,0.7054108216432866
cub200,m2_target,1,3,9,6,0.7555110220440882
cub200,m2_target,1,4,4,0,0.008
cub200,m2_target,1,4,5,1,0.796
cub200,m2_target,1,4,6,2,0.792
cub200,m2_target,1,4,7,3,0.754
cub200,m2_target,1,4,8,4,0.756
cub200,m2_target,1,4,9,5,0.768
cub200,m2_target,1,5,5,0,0.0
cub200,m2_target,1,5,6,1,0.716
cub200,m2_target,1,5,7,2,0.726
cub200,m2_target,1,5,8,3,0.734
cub200,m2_target,1,5,9,4,0.708
cub200,m2_target,1,6,6,0,0.0
cub200,m2_target,1,6,7,1,0.738
cub200,m2_target,1,6,8,2,0.722
cub200,m2_target,1,6,9,3,0.664
cub200,m2_target,1,7,7,0,0.0
cub200,m2_target,1,7,8,1,0.6492985971943888
cub200,m2_target,1,7,9,2,0.6432865731462926
cub200,m2_target,1,8,8,0,0.004008016032064128
cub200,m2_target,1,8,9,1,0.7555110220440882
cub200,m2_target,1,9,9,0,0.0
cub200,m2_target,2,0,0,0,0.938
cub200,m2_target,2,0,1,1,0.954
cub200,m2_target,2,0,2,2,0.89
cub200,m2_target,2,0,3,3,0.874
cub200,m2_target,2,0,4,4,0.844
cub200,m2_target,2,0,5,5,0.854
cub200,m2_target,2,0,6,6,0.876
cub200,m2_target,2,0,7,7,0.866
cub200,m2_target,2,0,8,8,0.85
cub200,m2_target,2,0,9,9,0.85
cub200,m2_target,2,1,1,0,0.012
cub200,m2_target,2,1,2,1,0.932
cub200,m2_target,2,1,3,2,0.856
cub200,m2_target,2,1,4,3,0.898
cub200,m2_target,2,1,5,4,0.884
cub200,m2_target,2,1,6,5,0.86
cub200,m2_target,2,1,7,6,0.808
cub200,m2_target,2,1,8,7,0.794
cub200,m2_target,2,1,9,8,0.792
cub200,m2_target,2,2,2,0,0.016
cub200,m2_target,2,2,3,1,0.816
cub200,m2_target,2,2,4,2,0.808
cub200,m2_target,2,2,5,3,0.798
cub200,m2_target,2,2,6,4,0.78
cub200,m2_target,2,2,7,5,0.778
cub200,m2_target,2,2,8,6,0.708
cub200,m2_target,2,2,9,7,0.702
cub200,m2_target,2,3,3,0,0.02012072434607646
cub200,m2_target,2,3,4,1,0.6921529175050302
cub200,m2_target,2,3,5,2,0.7303822937625755
cub200,m2_target,2,3,6,3,0.6881287726358148
cub200,m2_target,2,3,7,4,0.6740442655935613
cub200,m2_target,2,3,8,5,0.6398390342052314
cub200,m2_target,2,3,9,6,0.6498993963782697
cub200,m2_target,2,4,4,0,0.004
cub200,m2_target,2,4,5,1,0.684
cub200,m2_target,2,4,6,2,0.666
cub200,m2_target,2,4,7,3,0.668
cub200,m2_target,2,4,8,4,0.69
cub200,m2_target,2,4,9,5,0.734
cub200,m2_target,2,5,5,0,0.006
cub200,m2_target,2,5,6,1,0.832
cub200,m2_target,2,5,7,2,0.852
cub200,m2_target,2,5,8,3,0.874
cub200,m2_target,2,5,9,4,0.842
cub200,m2_target,2,6,6,0,0.018
cub200,m2_target,2,6,7,1,0.86
cub200,m2_target,2,6,8,2,0.838
cub200,m2_target,2,6,9,3,0.814
cub200,m2_target,2,7,7,0,0.0
cub200,m2_target,2,7,8,1,0.6813627254509018
cub200,m2_target,2,7,9,2,0.5951903807615231
cub200,m2_target,2,8,8,0,0.0
cub200,m2_target,2,8,9,1,0.7114228456913828
cub200,m2_target,2,9,9,0,0.002004008016032064
cub200,m2_target,3,0,0,0,0.892
cub200,m2_target,3,0,1,1,0.944
cub200,m2_target,3,0,2,2,0.936
cub200,m2_target,3,0,3,3,0.968
cub200,m2_target,3,0,4,4,0.93
cub200,m2_target,3,0,5,5,0.932
cub200,m2_target,3,0,6,6,0.912
cub200,m2_target,3,0,7,7,0.914
cub200,m2_target,3,0,8,8,0.904
cub200,m2_target,3,0,9,9,0.896
cub200,m2_target,3,1,1,0,0.006
cub200,m2_target,3,1,2,1,0.842
cub200,m2_target,3,1,3,2,0.82
cub200,m2_target,3,1,4,3,0.796
cub200,m2_target,3,1,5,4,0.784
cub200,m2_target,3,1,6,5,0.774
cub200,m2_target,3,1,7,6,0.77
cub200,m2_target,3,1,8,7,0.778
cub200,m2_target,3,1,9,8,0.788
cub200,m2_target,3,2,2,0,0.04408817635270541
cub200,m2_target,3,2,3,1,0.8056112224448898
cub200,m2_target,3,2,4,2,0.7254509018036072
cub200,m2_target,3,2,5,3,0.779559118236473
cub200,m2_target,3,2,6,4,0.7855711422845691
cub200,m2_target,3,2,7,5,0.7715430861723447
cub200,m2_target,3,2,8,6,0.749498997995992
cub200,m2_target,3,2,9,7,0.781563126252505
cub200,m2_target,3,3,3,0,0.006024096385542169
cub200,m2_target,3,3,4,1,0.8092369477911646
cub200,m2_target,3,3,5,2,0.8152610441767069
cub200,m2_target,3,3,6,3,0.8112449799196787
cub200,m2_target,3,3,7,4,0.7710843373493976
cub200,m2_target,3,3,8,5,0.7650602409638554
cub200,m2_target,3,3,9,6,0.7128514056224899
cub200,m2_target,3,4,4,0,0.002
cub200,m2_target,3,4,5,1,0.75
cub200,m2_target,3,4,6,2,0.738
cub200,m2_target,3,4,7,3,0.716
cub200,m2_target,3,4,8,4,0.648
cub200,m2_target,3,4,9,5,0.646
cub200,m2_target,3,5,5,0,0.0
cub200,m2_target,3,5,6,1,0.654
cub200,m2_target,3,5,7,2,0.672
cub200,m2_target,3,5,8,3,0.688
cub200,m2_target,3,5,9,4,0.654
cub200,m2_target,3,6,6,0,0.002004008016032064
cub200,m2_target,3,6,7,1,0.8336673346693386
cub200,m2_target,3,6,8,2,0.7995991983967936
cub200,m2_target,3,6,9,3,0.8056112224448898
cub200,m2_target,3,7,7,0,0.002
cub200,m2_target,3,7,8,1,0.762
cub200,m2_target,3,7,9,2,0.75
cub200,m2_target,3,8,8,0,0.0
cub200,m2_target,3,8,9,1,0.6492985971943888
cub200,m2_target,3,9,9,0,0.006012024048096192
cub200,m2_target,4,0,0,0,0.918
cub200,m2_target,4,0,1,1,0.968
cub200,m2_target,4,0,2,2,0.92
cub200,m2_target,4,0,3,3,0.916
cub200,m2_target,4,0,4,4,0.886
cub200,m2_target,4,0,5,5,0.878
cub200,m2_target,4,0,6,6,0.884
cub200,m2_target,4,0,7,7,0.872
cub200,m2_target,4,0,8,8,0.868
cub200,m2_target,4,0,9,9,0.874
cub200,m2_target,4,1,1,0,0.036
cub200,m2_target,4,1,2,1,0.818
cub200,m2_target,4,1,3,2,0.746
cub200,m2_target,4,1,4,3,0.758
cub200,m2_target,4,1,5,4,0.712
cub200,m2_target,4,1,6,5,0.744
cub200,m2_target,4,1,7,6,0.784
cub200,m2_target,4,1,8,7,0.806
cub200,m2_target,4,1,9,8,0.792
cub200,m2_target,4,2,2,0,0.04
cub200,m2_target,4,2,3,1,0.792
cub200,m2_target,4,2,4,2,0.798
cub200,m2_target,4,2,5,3,0.804
cub200,m2_target,4,2,6,4,0.796
cub200,m2_target,4,2,7,5,0.796
cub200,m2_target,4,2,8,6,0.788
cub200,m2_target,4,2,9,7,0.744
cub200,m2_target,4,3,3,0,0.0
cub200,m2_target,4,3,4,1,0.8777555110220441
cub200,m2_target,4,3,5,2,0.8837675350701403
cub200,m2_target,4,3,6,3,0.8517034068136272
cub200,m2_target,4,3,7,4,0.811623246492986
cub200,m2_target,4,3,8,5,0.781563126252505
cub200,m2_target,4,3,9,6,0.7695390781563126
cub200,m2_target,4,4,4,0,0.022
cub200,m2_target,4,4,5,1,0.844
cub200,m2_target,4,4,6,2,0.868
cub200,m2_target,4,4,7,3,0.834
cub200,m2_target,4,4,8,4,0.856
cub200,m2_target,4,4,9,5,0.82
cub200,m2_target,4,5,5,0,0.0
cub200,m2_target,4,5,6,1,0.8273092369477911
cub200,m2_target,4,5,7,2,0.8493975903614458
cub200,m2_target,4,5,8,3,0.7931726907630522
cub200,m2_target,4,5,9,4,0.7349397590361446
cub200,m2_target,4,6,6,0,0.0
cub200,m2_target,4,6,7,1,0.646
cub200,m2_target,4,6,8,2,0.648
cub200,m2_target,4,6,9,3,0.676
cub200,m2_target,4,7,7,0,0.0
cub200,m2_target,4,7,8,1,0.5823293172690763
cub200,m2_target,4,7,9,2,0.572289156626506
cub200,m2_target,4,8,8,0,0.0
cub200,m2_target,4,8,9,1,0.762
cub200,m2_target,4,9,9,0,0.0
cub200,m3_fot,0,0,0,0,0.85
cub200,m3_fot,0,0,1,1,0.892
cub200,m3_fot,0,0,2,2,0.872
cub200,m3_fot,0,0,3,3,0.806
cub200,m3_fot,0,0,4,4,0.806
cub200,m3_fot,0,0,5,5,0.794
cub200,m3_fot,0,0,6,6,0.822
cub200,m3_fot,0,0,7,7,0.798
cub200,m3_fot,0,0,8,8,0.83
cub200,m3_fot,0,0,9,9,0.826
cub200,m3_fot,0,1,1,0,0.4979919678714859
cub200,m3_fot,0,1,2,1,0.678714859437751
cub200,m3_fot,0,1,3,2,0.8092369477911646
cub200,m3_fot,0,1,4,3,0.8473895582329317
cub200,m3_fot,0,1,5,4,0.7791164658634538
cub200,m3_fot,0,1,6,5,0.7570281124497992
cub200,m3_fot,0,1,7,6,0.6867469879518072
cub200,m3_fot,0,1,8,7,0.7048192771084337
cub200,m3_fot,0,1,9,8,0.7289156626506024
cub200,m3_fot,0,2,2,0,0.548
cub200,m3_fot,0,2,3,1,0.69
cub200,m3_fot,0,2,4,2,0.696
cub200,m3_fot,0,2,5,3,0.64
cub200,m3_fot,0,2,6,4,0.722
cub200,m3_fot,0,2,7,5,0.792
cub200,m3_fot,0,2,8,6,0.784
cub200,m3_fot,0,2,9,7,0.724
cub200,m3_fot,0,3,3,0,0.644
cub200,m3_fot,0,3,4,1,0.702
cub200,m3_fot,0,3,5,2,0.724
cub200,m3_fot,0,3,6,3,0.806
cub200,m3_fot,0,3,7,4,0.798
cub200,m3_fot,0,3,8,5,0.78
cub200,m3_fot,0,3,9,6,0.75
cub200,m3_fot,0,4,4,0,0.7
cub200,m3_fot,0,4,5,1,0.624
cub200,m3_fot,0,4,6,2,0.712
cub200,m3_fot,0,4,7,3,0.748
cub200,m3_fot,0,4,8,4,0.748
cub200,m3_fot,0,4,9,5,0.768
cub200,m3_fot,0,5,5,0,0.7635270541082164
cub200,m3_fot,0,5,6,1,0.7775551102204409
cub200,m3_fot,0,5,7,2,0.7655310621242485
cub200,m3_fot,0,5,8,3,0.7835671342685371
cub200,m3_fot,0,5,9,4,0.751503006012024
cub200,m3_fot,0,6,6,0,0.7675350701402806
cub200,m3_fot,0,6,7,1,0.6753507014028056
cub200,m3_fot,0,6,8,2,0.717434869739479
cub200,m3_fot,0,6,9,3,0.7374749498997996
cub200,m3_fot,0,7,7,0,0.794
cub200,m3_fot,0,7,8,1,0.682
cub200,m3_fot,0,7,9,2,0.718
cub200,m3_fot,0,8,8,0,0.854
cub200,m3_fot,0,8,9,1,0.766
cub200,m3_fot,0,9,9,0,0.7911646586345381
cub200,m3_fot,1,0,0,0,0.9458917835671342
cub200,m3_fot,1,0,1,1,0.8797595190380761
cub200,m3_fot,1,0,2,2,0.8056112224448898
cub200,m3_fot,1,0,3,3,0.7955911823647295
cub200,m3_fot,1,0,4,4,0.8056112224448898
cub200,m3_fot,1,0,5,5,0.8016032064128257
cub200,m3_fot,1,0,6,6,0.7975951903807615
cub200,m3_fot,1,0,7,7,0.7895791583166333
cub200,m3_fot,1,0,8,8,0.7895791583166333
cub200,m3_fot,1,0,9,9,0.7975951903807615
cub200,m3_fot,1,1,1,0,0.51
cub200,m3_fot,1,1,2,1,0.824
cub200,m3_fot,1,1,3,2,0.866
cub200,m3_fot,1,1,4,3,0.828
cub200,m3_fot,1,1,5,4,0.816
cub200,m3_fot,1,1,6,5,0.808
cub200,m3_fot,1,1,7,6,0.822
cub200,m3_fot,1,1,8,7,0.796
cub200,m3_fot,1,1,9,8,0.768
cub200,m3_fot,1,2,2,0,0.6726907630522089
cub200,m3_fot,1,2,3,1,0.7208835341365462
cub200,m3_fot,1,2,4,2,0.7991967871485943
cub200,m3_fot,1,2,5,3,0.8112449799196787
cub200,m3_fot,1,2,6,4,0.7831325301204819
cub200,m3_fot,1,2,7,5,0.7751004016064257
cub200,m3_fot,1,2,8,6,0.7590361445783133
cub200,m3_fot,1,2,9,7,0.8012048192771084
cub200,m3_fot,1,3,3,0,0.8156312625250501
cub200,m3_fot,1,3,4,1,0.8336673346693386
cub200,m3_fot,1,3,5,2,0.781563126252505
cub200,m3_fot,1,3,6,3,0.7695390781563126
cub200,m3_fot,1,3,7,4,0.8156312625250501
cub200,m3_fot,1,3,8,5,0.8376753507014028
cub200,m3_fot,1,3,9,6,0.845691382765531
cub200,m3_fot,1,4,4,0,0.646
cub200,m3_fot,1,4,5,1,0.684
cub200,m3_fot,1,4,6,2,0.802
cub200,m3_fot,1,4,7,3,0.694
cub200,m3_fot,1,4,8,4,0.728
cub200,m3_fot,1,4,9,5,0.734
cub200,m3_fot,1,5,5,0,0.752
cub200,m3_fot,1,5,6,1,0.668
cub200,m3_fot,1,5,7,2,0.756
cub200,m3_fot,1,5,8,3,0.744
cub200,m3_fot,1,5,9,4,0.764
cub200,m3_fot,1,6,6,0,0.712
cub200,m3_fot,1,6,7,1,0.658
cub200,m3_fot,1,6,8,2,0.652
cub200,m3_fot,1,6,9,3,0.64
cub200,m3_fot,1,7,7,0,0.749498997995992
cub200,m3_fot,1,7,8,1,0.7154308617234469
cub200,m3_fot,1,7,9,2,0.6813627254509018
cub200,m3_fot,1,8,8,0,0.8296593186372746
cub200,m3_fot,1,8,9,1,0.6773547094188377
cub200,m3_fot,1,9,9,0,0.868
cub200,m3_fot,2,0,0,0,0.938
cub200,m3_fot,2,0,1,1,0.818
cub200,m3_fot,2,0,2,2,0.77
cub200,m3_fot,2,0,3,3,0.814
cub200,m3_fot,2,0,4,4,0.838
cub200,m3_fot,2,0,5,5,0.84
cub200,m3_fot,2,0,6,6,0.848
cub200,m3_fot,2,0,7,7,0.794
cub200,m3_fot,2,0,8,8,0.798
cub200,m3_fot,2,0,9,9,0.796
cub200,m3_fot,2,1,1,0,0.546
cub200,m3_fot,2,1,2,1,0.838
cub200,m3_fot,2,1,3,2,0.922
cub200,m3_fot,2,1,4,3,0.844
cub200,m3_fot,2,1,5,4,0.8
cub200,m3_fot,2,1,6,5,0.748
cub200,m3_fot,2,1,7,6,0.746
cub200,m3_fot,2,1,8,7,0.784
cub200,m3_fot,2,1,9,8,0.784
cub200,m3_fot,2,2,2,0,0.784
cub200,m3_fot,2,2,3,1,0.796
cub200,m3_fot,2,2,4,2,0.796
cub200,m3_fot,2,2,5,3,0.752
cub200,m3_fot,2,2,6,4,0.766
cub200,m3_fot,2,2,7,5,0.8
cub200,m3_fot,2,2,8,6,0.808
cub200,m3_fot,2,2,9,7,0.816
cub200,m3_fot,2,3,3,0,0.676056338028169
cub200,m3_fot,2,3,4,1,0.6861167002012073
cub200,m3_fot,2,3,5,2,0.6961770623742455
cub200,m3_fot,2,3,6,3,0.7424547283702213
cub200,m3_fot,2,3,7,4,0.7525150905432596
cub200,m3_fot,2,3,8,5,0.7565392354124748
cub200,m3_fot,2,3,9,6,0.7605633802816901
cub200,m3_fot,2,4,4,0,0.8
cub200,m3_fot,2,4,5,1,0.726
cub200,m3_fot,2,4,6,2,0.698
cub200,m3_fot,2,4,7,3,0.726
cub200,m3_fot,2,4,8,4,0.748
cub200,m3_fot,2,4,9,5,0.752
cub200,m3_fot,2,5,5,0,0.872
cub200,m3_fot,2,5,6,1,0.858
cub200,m3_fot,2,5,7,2,0.844
cub200,m3_fot,2,5,8,3,0.842
cub200,m3_fot,2,5,9,4,0.84
cub200,m3_fot,2,6,6,0,0.892
cub200,m3_fot,2,6,7,1,0.81
cub200,m3_fot,2,6,8,2,0.774
cub200,m3_fot,2,6,9,3,0.724
cub200,m3_fot,2,7,7,0,0.7975951903807615
cub200,m3_fot,2,7,8,1,0.5711422845691383
cub200,m3_fot,2,7,9,2,0.5591182364729459
cub200,m3_fot,2,8,8,0,0.8937875751503006
cub200,m3_fot,2,8,9,1,0.8236472945891784
cub200,m3_fot,2,9,9,0,0.7454909819639278
cub200,m3_fot,3,0,0,0,0.892
cub200,m3_fot,3,0,1,1,0.908
cub200,m3_fot,3,0,2,2,0.858
cub200,m3_fot,3,0,3,3,0.87
cub200,m3_fot,3,0,4,4,0.816
cub200,m3_fot,3,0,5,5,0.834
cub200,m3_fot,3,0,6,6,0.828
cub200,m3_fot,3,0,7,7,0.816
cub200,m3_fot,3,0,8,8,0.804
cub200,m3_fot,3,0,9,9,0.79
cub200,m3_fot,3,1,1,0,0.416
cub200,m3_fot,3,1,2,1,0.692
cub200,m3_fot,3,1,3,2,0.808
cub200,m3_fot,3,1,4,3,0.836
cub200,m3_fot,3,1,5,4,0.708
cub200,m3_fot,3,1,6,5,0.684
cub200,m3_fot,3,1,7,6,0.744
cub200,m3_fot,3,1,8,7,0.758
cub200,m3_fot,3,1,9,8,0.788
cub200,m3_fot,3,2,2,0,0.627254509018036
cub200,m3_fot,3,2,3,1,0.7314629258517034
cub200,m3_fot,3,2,4,2,0.7915831663326653
cub200,m3_fot,3,2,5,3,0.7555110220440882
cub200,m3_fot,3,2,6,4,0.751503006012024
cub200,m3_fot,3,2,7,5,0.7194388777555111
cub200,m3_fot,3,2,8,6,0.687374749498998
cub200,m3_fot,3,2,9,7,0.7134268537074149
cub200,m3_fot,3,3,3,0,0.7429718875502008
cub200,m3_fot,3,3,4,1,0.7610441767068273
cub200,m3_fot,3,3,5,2,0.8594377510040161
cub200,m3_fot,3,3,6,3,0.8473895582329317
cub200,m3_fot,3,3,7,4,0.8012048192771084
cub200,m3_fot,3,3,8,5,0.8393574297188755
cub200,m3_fot,3,3,9,6,0.8473895582329317
cub200,m3_fot,3,4,4,0,0.754
cub200,m3_fot,3,4,5,1,0.714
cub200,m3_fot,3,4,6,2,0.742
cub200,m3_fot,3,4,7,3,0.72
cub200,m3_fot,3,4,8,4,0.664
cub200,m3_fot,3,4,9,5,0.718
cub200,m3_fot,3,5,5,0,0.714
cub200,m3_fot,3,5,6,1,0.762
cub200,m3_fot,3,5,7,2,0.788
cub200,m3_fot,3,5,8,3,0.704
cub200,m3_fot,3,5,9,4,0.698
cub200,m3_fot,3,6,6,0,0.8717434869739479
cub200,m3_fot,3,6,7,1,0.9118236472945892
cub200,m3_fot,3,6,8,2,0.9118236472945892
cub200,m3_fot,3,6,9,3,0.905811623246493
cub200,m3_fot,3,7,7,0,0.776
cub200,m3_fot,3,7,8,1,0.772
cub200,m3_fot,3,7,9,2,0.732
cub200,m3_fot,3,8,8,0,0.7695390781563126
cub200,m3_fot,3,8,9,1,0.6933867735470942
cub200,m3_fot,3,9,9,0,0.7835671342685371
cub200,m3_fot,4,0,0,0,0.918
cub200,m3_fot,4,0,1,1,0.854
cub200,m3_fot,4,0,2,2,0.78
cub200,m3_fot,4,0,3,3,0.688
cub200,m3_fot,4,0,4,4,0.696
cub200,m3_fot,4,0,5,5,0.712
cub200,m3_fot,4,0,6,6,0.734
cub200,m3_fot,4,0,7,7,0.776
cub200,m3_fot,4,0,8,8,0.788
cub200,m3_fot,4,0,9,9,0.802
cub200,m3_fot,4,1,1,0,0.666
cub200,m3_fot,4,1,2,1,0.774
cub200,m3_fot,4,1,3,2,0.758
cub200,m3_fot,4,1,4,3,0.712
cub200,m3_fot,4,1,5,4,0.76
cub200,m3_fot,4,1,6,5,0.678
cub200,m3_fot,4,1,7,6,0.652
cub200,m3_fot,4,1,8,7,0.624
cub200,m3_fot,4,1,9,8,0.614
cub200,m3_fot,4,2,2,0,0.848
cub200,m3_fot,4,2,3,1,0.894
cub200,m3_fot,4,2,4,2,0.902
cub200,m3_fot,4,2,5,3,0.898
cub200,m3_fot,4,2,6,4,0.876
cub200,m3_fot,4,2,7,5,0.834
cub200,m3_fot,4,2,8,6,0.86
cub200,m3_fot,4,2,9,7,0.882
cub200,m3_fot,4,3,3,0,0.7835671342685371
cub200,m3_fot,4,3,4,1,0.7995991983967936
cub200,m3_fot,4,3,5,2,0.7875751503006012
cub200,m3_fot,4,3,6,3,0.7535070140280561
cub200,m3_fot,4,3,7,4,0.7314629258517034
cub200,m3_fot,4,3,8,5,0.7274549098196392
cub200,m3_fot,4,3,9,6,0.7314629258517034
cub200,m3_fot,4,4,4,0,0.844
cub200,m3_fot,4,4,5,1,0.832
cub200,m3_fot,4,4,6,2,0.804
cub200,m3_fot,4,4,7,3,0.714
cub200,m3_fot,4,4,8,4,0.628
cub200,m3_fot,4,4,9,5,0.694
cub200,m3_fot,4,5,5,0,0.9357429718875502
cub200,m3_fot,4,5,6,1,0.8995983935742972
cub200,m3_fot,4,5,7,2,0.8072289156626506
cub200,m3_fot,4,5,8,3,0.751004016064257
cub200,m3_fot,4,5,9,4,0.7108433734939759
cub200,m3_fot,4,6,6,0,0.834
cub200,m3_fot,4,6,7,1,0.8
cub200,m3_fot,4,6,8,2,0.838
cub200,m3_fot,4,6,9,3,0.776
cub200,m3_fot,4,7,7,0,0.891566265060241
cub200,m3_fot,4,7,8,1,0.8052208835341366
cub200,m3_fot,4,7,9,2,0.6465863453815262
cub200,m3_fot,4,8,8,0,0.908
cub200,m3_fot,4,8,9,1,0.894
cub200,m3_fot,4,9,9,0,0.8557114228456913
cub200,m4_proto,0,0,0,0,0.838
cub200,m4_proto,0,0,1,1,0.8
cub200,m4_proto,0,0,2,2,0.77
cub200,m4_proto,0,0,3,3,0.756
cub200,m4_proto,0,0,4,4,0.754
cub200,m4_proto,0,0,5,5,0.754
cub200,m4_proto,0,0,6,6,0.75
cub200,m4_proto,0,0,7,7,0.75
cub200,m4_proto,0,0,8,8,0.75
cub200,m4_proto,0,0,9,9,0.746
cub200,m4_proto,0,1,1,0,0.7550200803212851
cub200,m4_proto,0,1,2,1,0.6506024096385542
cub200,m4_proto,0,1,3,2,0.6285140562248996
cub200,m4_proto,0,1,4,3,0.6044176706827309
cub200,m4_proto,0,1,5,4,0.5783132530120482
cub200,m4_proto,0,1,6,5,0.5642570281124498
cub200,m4_proto,0,1,7,6,0.5642570281124498
cub200,m4_proto,0,1,8,7,0.5622489959839357
cub200,m4_proto,0,1,9,8,0.5542168674698795
cub200,m4_proto,0,2,2,0,0.662
cub200,m4_proto,0,2,3,1,0.64
cub200,m4_proto,0,2,4,2,0.628
cub200,m4_proto,0,2,5,3,0.628
cub200,m4_proto,0,2,6,4,0.614
cub200,m4_proto,0,2,7,5,0.596
cub200,m4_proto,0,2,8,6,0.588
cub200,m4_proto,0,2,9,7,0.572
cub200,m4_proto,0,3,3,0,0.696
cub200,m4_proto,0,3,4,1,0.682
cub200,m4_proto,0,3,5,2,0.682
cub200,m4_proto,0,3,6,3,0.654
cub200,m4_proto,0,3,7,4,0.652
cub200,m4_proto,0,3,8,5,0.652
cub200,m4_proto,0,3,9,6,0.652
cub200,m4_proto,0,4,4,0,0.616
cub200,m4_proto,0,4,5,1,0.588
cub200,m4_proto,0,4,6,2,0.568
cub200,m4_proto,0,4,7,3,0.568
cub200,m4_proto,0,4,8,4,0.554
cub200,m4_proto,0,4,9,5,0.55
cub200,m4_proto,0,5,5,0,0.4709418837675351
cub200,m4_proto,0,5,6,1,0.4468937875751503
cub200,m4_proto,0,5,7,2,0.43687374749499
cub200,m4_proto,0,5,8,3,0.4308617234468938
cub200,m4_proto,0,5,9,4,0.42084168336673344
cub200,m4_proto,0,6,6,0,0.625250501002004
cub200,m4_proto,0,6,7,1,0.6052104208416834
cub200,m4_proto,0,6,8,2,0.5971943887775552
cub200,m4_proto,0,6,9,3,0.593186372745491
cub200,m4_proto,0,7,7,0,0.5
cub200,m4_proto,0,7,8,1,0.5
cub200,m4_proto,0,7,9,2,0.486
cub200,m4_proto,0,8,8,0,0.72
cub200,m4_proto,0,8,9,1,0.718
cub200,m4_proto,0,9,9,0,0.5843373493975904
cub200,m4_proto,1,0,0,0,0.6773547094188377
cub200,m4_proto,1,0,1,1,0.6332665330661322
cub200,m4_proto,1,0,2,2,0.5951903807615231
cub200,m4_proto,1,0,3,3,0.5811623246492986
cub200,m4_proto,1,0,4,4,0.5370741482965932
cub200,m4_proto,1,0,5,5,0.5290581162324649
cub200,m4_proto,1,0,6,6,0.46693386773547096
cub200,m4_proto,1,0,7,7,0.45090180360721444
cub200,m4_proto,1,0,8,8,0.44488977955911824
cub200,m4_proto,1,0,9,9,0.4288577154308617
cub200,m4_proto,1,1,1,0,0.792
cub200,m4_proto,1,1,2,1,0.776
cub200,m4_proto,1,1,3,2,0.766
cub200,m4_proto,1,1,4,3,0.678
cub200,m4_proto,1,1,5,4,0.67
cub200,m4_proto,1,1,6,5,0.654
cub200,m4_proto,1,1,7,6,0.654
cub200,m4_proto,1,1,8,7,0.608
cub200,m4_proto,1,1,9,8,0.59
cub200,m4_proto,1,2,2,0,0.6024096385542169
cub200,m4_proto,1,2,3,1,0.5823293172690763
cub200,m4_proto,1,2,4,2,0.5
cub200,m4_proto,1,2,5,3,0.4959839357429719
cub200,m4_proto,1,2,6,4,0.4839357429718876
cub200,m4_proto,1,2,7,5,0.4839357429718876
cub200,m4_proto,1,2,8,6,0.4799196787148594
cub200,m4_proto,1,2,9,7,0.4738955823293173
cub200,m4_proto,1,3,3,0,0.5110220440881763
cub200,m4_proto,1,3,4,1,0.4709418837675351
cub200,m4_proto,1,3,5,2,0.4709418837675351
cub200,m4_proto,1,3,6,3,0.46693386773547096
cub200,m4_proto,1,3,7,4,0.44889779559118237
cub200,m4_proto,1,3,8,5,0.44889779559118237
cub200,m4_proto,1,3,9,6,0.4288577154308617
cub200,m4_proto,1,4,4,0,0.702
cub200,m4_proto,1,4,5,1,0.698
cub200,m4_proto,1,4,6,2,0.674
cub200,m4_proto,1,4,7,3,0.658
cub200,m4_proto,1,4,8,4,0.658
cub200,m4_proto,1,4,9,5,0.658
cub200,m4_proto,1,5,5,0,0.524
cub200,m4_proto,1,5,6,1,0.518
cub200,m4_proto,1,5,7,2,0.502
cub200,m4_proto,1,5,8,3,0.502
cub200,m4_proto,1,5,9,4,0.496
cub200,m4_proto,1,6,6,0,0.626
cub200,m4_proto,1,6,7,1,0.606
cub200,m4_proto,1,6,8,2,0.548
cub200,m4_proto,1,6,9,3,0.532
cub200,m4_proto,1,7,7,0,0.6152304609218436
cub200,m4_proto,1,7,8,1,0.6152304609218436
cub200,m4_proto,1,7,9,2,0.6132264529058116
cub200,m4_proto,1,8,8,0,0.6452905811623246
cub200,m4_proto,1,8,9,1,0.5891783567134269
cub200,m4_proto,1,9,9,0,0.778
cub200,m4_proto,2,0,0,0,0.61
cub200,m4_proto,2,0,1,1,0.606
cub200,m4_proto,2,0,2,2,0.574
cub200,m4_proto,2,0,3,3,0.526
cub200,m4_proto,2,0,4,4,0.51
cub200,m4_proto,2,0,5,5,0.49
cub200,m4_proto,2,0,6,6,0.488
cub200,m4_proto,2,0,7,7,0.486
cub200,m4_proto,2,0,8,8,0.48
cub200,m4_proto,2,0,9,9,0.454
cub200,m4_proto,2,1,1,0,0.694
cub200,m4_proto,2,1,2,1,0.636
cub200,m4_proto,2,1,3,2,0.624
cub200,m4_proto,2,1,4,3,0.606
cub200,m4_proto,2,1,5,4,0.586
cub200,m4_proto,2,1,6,5,0.564
cub200,m4_proto,2,1,7,6,0.558
cub200,m4_proto,2,1,8,7,0.556
cub200,m4_proto,2,1,9,8,0.54
cub200,m4_proto,2,2,2,0,0.682
cub200,m4_proto,2,2,3,1,0.678
cub200,m4_proto,2,2,4,2,0.656
cub200,m4_proto,2,2,5,3,0.642
cub200,m4_proto,2,2,6,4,0.642
cub200,m4_proto,2,2,7,5,0.634
cub200,m4_proto,2,2,8,6,0.62
cub200,m4_proto,2,2,9,7,0.62
cub200,m4_proto,2,3,3,0,0.5875251509054326
cub200,m4_proto,2,3,4,1,0.5573440643863179
cub200,m4_proto,2,3,5,2,0.5432595573440644
cub200,m4_proto,2,3,6,3,0.5392354124748491
cub200,m4_proto,2,3,7,4,0.5271629778672032
cub200,m4_proto,2,3,8,5,0.5110663983903421
cub200,m4_proto,2,3,9,6,0.5110663983903421
cub200,m4_proto,2,4,4,0,0.586
cub200,m4_proto,2,4,5,1,0.566
cub200,m4_proto,2,4,6,2,0.562
cub200,m4_proto,2,4,7,3,0.562
cub200,m4_proto,2,4,8,4,0.562
cub200,m4_proto,2,4,9,5,0.54
cub200,m4_proto,2,5,5,0,0.748
cub200,m4_proto,2,5,6,1,0.734
cub200,m4_proto,2,5,7,2,0.72
cub200,m4_proto,2,5,8,3,0.708
cub200,m4_proto,2,5,9,4,0.704
cub200,m4_proto,2,6,6,0,0.694
cub200,m4_proto,2,6,7,1,0.694
cub200,m4_proto,2,6,8,2,0.686
cub200,m4_proto,2,6,9,3,0.68
cub200,m4_proto,2,7,7,0,0.5390781563126252
cub200,m4_proto,2,7,8,1,0.5290581162324649
cub200,m4_proto,2,7,9,2,0.503006012024048
cub200,m4_proto,2,8,8,0,0.4729458917835671
cub200,m4_proto,2,8,9,1,0.46893787575150303
cub200,m4_proto,2,9,9,0,0.5130260521042084
cub200,m4_proto,3,0,0,0,0.764
cub200,m4_proto,3,0,1,1,0.73
cub200,m4_proto,3,0,2,2,0.68
cub200,m4_proto,3,0,3,3,0.63
cub200,m4_proto,3,0,4,4,0.592
cub200,m4_proto,3,0,5,5,0.546
cub200,m4_proto,3,0,6,6,0.542
cub200,m4_proto,3,0,7,7,0.534
cub200,m4_proto,3,0,8,8,0.52
cub200,m4_proto,3,0,9,9,0.506
cub200,m4_proto,3,1,1,0,0.59
cub200,m4_proto,3,1,2,1,0.578
cub200,m4_proto,3,1,3,2,0.57
cub200,m4_proto,3,1,4,3,0.564
cub200,m4_proto,3,1,5,4,0.548
cub200,m4_proto,3,1,6,5,0.538
cub200,m4_proto,3,1,7,6,0.526
cub200,m4_proto,3,1,8,7,0.508
cub200,m4_proto,3,1,9,8,0.506
cub200,m4_proto,3,2,2,0,0.7074148296593187
cub200,m4_proto,3,2,3,1,0.6633266533066132
cub200,m4_proto,3,2,4,2,0.6412825651302605
cub200,m4_proto,3,2,5,3,0.6332665330661322
cub200,m4_proto,3,2,6,4,0.625250501002004
cub200,m4_proto,3,2,7,5,0.6212424849699398
cub200,m4_proto,3,2,8,6,0.6152304609218436
cub200,m4_proto,3,2,9,7,0.6152304609218436
cub200,m4_proto,3,3,3,0,0.7831325301204819
cub200,m4_proto,3,3,4,1,0.7811244979919679
cub200,m4_proto,3,3,5,2,0.7610441767068273
cub200,m4_proto,3,3,6,3,0.7570281124497992
cub200,m4_proto,3,3,7,4,0.7369477911646586
cub200,m4_proto,3,3,8,5,0.7188755020080321
cub200,m4_proto,3,3,9,6,0.714859437751004
cub200,m4_proto,3,4,4,0,0.638
cub200,m4_proto,3,4,5,1,0.604
cub200,m4_proto,3,4,6,2,0.59
cub200,m4_proto,3,4,7,3,0.576
cub200,m4_proto,3,4,8,4,0.544
cub200,m4_proto,3,4,9,5,0.542
cub200,m4_proto,3,5,5,0,0.602
cub200,m4_proto,3,5,6,1,0.578
cub200,m4_proto,3,5,7,2,0.576
cub200,m4_proto,3,5,8,3,0.532
cub200,m4_proto,3,5,9,4,0.528
cub200,m4_proto,3,6,6,0,0.6412825651302605
cub200,m4_proto,3,6,7,1,0.6332665330661322
cub200,m4_proto,3,6,8,2,0.6332665330661322
cub200,m4_proto,3,6,9,3,0.627254509018036
cub200,m4_proto,3,7,7,0,0.636
cub200,m4_proto,3,7,8,1,0.632
cub200,m4_proto,3,7,9,2,0.628
cub200,m4_proto,3,8,8,0,0.6172344689378757
cub200,m4_proto,3,8,9,1,0.6112224448897795
cub200,m4_proto,3,9,9,0,0.4649298597194389
cub200,m4_proto,4,0,0,0,0.72
cub200,m4_proto,4,0,1,1,0.688
cub200,m4_proto,4,0,2,2,0.622
cub200,m4_proto,4,0,3,3,0.574
cub200,m4_proto,4,0,4,4,0.562
cub200,m4_proto,4,0,5,5,0.544
cub200,m4_proto,4,0,6,6,0.544
cub200,m4_proto,4,0,7,7,0.534
cub200,m4_proto,4,0,8,8,0.532
cub200,m4_proto,4,0,9,9,0.526
cub200,m4_proto,4,1,1,0,0.668
cub200,m4_proto,4,1,2,1,0.632
cub200,m4_proto,4,1,3,2,0.6
cub200,m4_proto,4,1,4,3,0.532
cub200,m4_proto,4,1,5,4,0.514
cub200,m4_proto,4,1,6,5,0.508
cub200,m4_proto,4,1,7,6,0.508
cub200,m4_proto,4,1,8,7,0.486
cub200,m4_proto,4,1,9,8,0.476
cub200,m4_proto,4,2,2,0,0.746
cub200,m4_proto,4,2,3,1,0.718
cub200,m4_proto,4,2,4,2,0.68
cub200,m4_proto,4,2,5,3,0.644
cub200,m4_proto,4,2,6,4,0.642
cub200,m4_proto,4,2,7,5,0.628
cub200,m4_proto,4,2,8,6,0.626
cub200,m4_proto,4,2,9,7,0.622
cub200,m4_proto,4,3,3,0,0.7234468937875751
cub200,m4_proto,4,3,4,1,0.6913827655310621
cub200,m4_proto,4,3,5,2,0.6352705410821643
cub200,m4_proto,4,3,6,3,0.625250501002004
cub200,m4_proto,4,3,7,4,0.6212424849699398
cub200,m4_proto,4,3,8,5,0.6212424849699398
cub200,m4_proto,4,3,9,6,0.5971943887775552
cub200,m4_proto,4,4,4,0,0.802
cub200,m4_proto,4,4,5,1,0.796
cub200,m4_proto,4,4,6,2,0.784
cub200,m4_proto,4,4,7,3,0.784
cub200,m4_proto,4,4,8,4,0.766
cub200,m4_proto,4,4,9,5,0.762
cub200,m4_proto,4,5,5,0,0.7690763052208835
cub200,m4_proto,4,5,6,1,0.7690763052208835
cub200,m4_proto,4,5,7,2,0.7570281124497992
cub200,m4_proto,4,5,8,3,0.7208835341365462
cub200,m4_proto,4,5,9,4,0.7028112449799196
cub200,m4_proto,4,6,6,0,0.5
cub200,m4_proto,4,6,7,1,0.494
cub200,m4_proto,4,6,8,2,0.49
cub200,m4_proto,4,6,9,3,0.486
cub200,m4_proto,4,7,7,0,0.42570281124497994
cub200,m4_proto,4,7,8,1,0.42570281124497994
cub200,m4_proto,4,7,9,2,0.42168674698795183
cub200,m4_proto,4,8,8,0,0.598
cub200,m4_proto,4,8,9,1,0.586
cub200,m4_proto,4,9,9,0,0.6132264529058116
cub200,m5_hybrid_replay,0,0,0,0,0.85
cub200,m5_hybrid_replay,0,0,1,1,0.944
cub200,m5_hybrid_replay,0,0,2,2,0.922
cub200,m5_hybrid_replay,0,0,3,3,0.918
cub200,m5_hybrid_replay,0,0,4,4,0.932
cub200,m5_hybrid_replay,0,0,5,5,0.928
cub200,m5_hybrid_replay,0,0,6,6,0.926
cub200,m5_hybrid_replay,0,0,7,7,0.918
cub200,m5_hybrid_replay,0,0,8,8,0.922
cub200,m5_hybrid_replay,0,0,9,9,0.918
cub200,m5_hybrid_replay,0,1,1,0,0.3714859437751004
cub200,m5_hybrid_replay,0,1,2,1,0.9477911646586346
cub200,m5_hybrid_replay,0,1,3,2,0.8775100401606426
cub200,m5_hybrid_replay,0,1,4,3,0.8694779116465864
cub200,m5_hybrid_replay,0,1,5,4,0.8473895582329317
cub200,m5_hybrid_replay,0,1,6,5,0.8775100401606426
cub200,m5_hybrid_replay,0,1,7,6,0.8534136546184738
cub200,m5_hybrid_replay,0,1,8,7,0.8413654618473896
cub200,m5_hybrid_replay,0,1,9,8,0.8293172690763052
cub200,m5_hybrid_replay,0,2,2,0,0.184
cub200,m5_hybrid_replay,0,2,3,1,0.892
cub200,m5_hybrid_replay,0,2,4,2,0.832
cub200,m5_hybrid_replay,0,2,5,3,0.78
cub200,m5_hybrid_replay,0,2,6,4,0.786
cub200,m5_hybrid_replay,0,2,7,5,0.772
cub200,m5_hybrid_replay,0,2,8,6,0.774
cub200,m5_hybrid_replay,0,2,9,7,0.776
cub200,m5_hybrid_replay,0,3,3,0,0.262
cub200,m5_hybrid_replay,0,3,4,1,0.848
cub200,m5_hybrid_replay,0,3,5,2,0.852
cub200,m5_hybrid_replay,0,3,6,3,0.858
cub200,m5_hybrid_replay,0,3,7,4,0.852
cub200,m5_hybrid_replay,0,3,8,5,0.858
cub200,m5_hybrid_replay,0,3,9,6,0.856
cub200,m5_hybrid_replay,0,4,4,0,0.31
cub200,m5_hybrid_replay,0,4,5,1,0.856
cub200,m5_hybrid_replay,0,4,6,2,0.842
cub200,m5_hybrid_replay,0,4,7,3,0.84
cub200,m5_hybrid_replay,0,4,8,4,0.844
cub200,m5_hybrid_replay,0,4,9,5,0.856
cub200,m5_hybrid_replay,0,5,5,0,0.12625250501002003
cub200,m5_hybrid_replay,0,5,6,1,0.7855711422845691
cub200,m5_hybrid_replay,0,5,7,2,0.7875751503006012
cub200,m5_hybrid_replay,0,5,8,3,0.7775551102204409
cub200,m5_hybrid_replay,0,5,9,4,0.7394789579158316
cub200,m5_hybrid_replay,0,6,6,0,0.06212424849699399
cub200,m5_hybrid_replay,0,6,7,1,0.7635270541082164
cub200,m5_hybrid_replay,0,6,8,2,0.7895791583166333
cub200,m5_hybrid_replay,0,6,9,3,0.8136272545090181
cub200,m5_hybrid_replay,0,7,7,0,0.058
cub200,m5_hybrid_replay,0,7,8,1,0.712
cub200,m5_hybrid_replay,0,7,9,2,0.716
cub200,m5_hybrid_replay,0,8,8,0,0.186
cub200,m5_hybrid_replay,0,8,9,1,0.882
cub200,m5_hybrid_replay,0,9,9,0,0.05823293172690763
cub200,m5_hybrid_replay,1,0,0,0,0.9458917835671342
cub200,m5_hybrid_replay,1,0,1,1,0.8877755511022044
cub200,m5_hybrid_replay,1,0,2,2,0.8777555110220441
cub200,m5_hybrid_replay,1,0,3,3,0.8677354709418837
cub200,m5_hybrid_replay,1,0,4,4,0.8577154308617234
cub200,m5_hybrid_replay,1,0,5,5,0.845691382765531
cub200,m5_hybrid_replay,1,0,6,6,0.8276553106212425
cub200,m5_hybrid_replay,1,0,7,7,0.8236472945891784
cub200,m5_hybrid_replay,1,0,8,8,0.8296593186372746
cub200,m5_hybrid_replay,1,0,9,9,0.8476953907815631
cub200,m5_hybrid_replay,1,1,1,0,0.568
cub200,m5_hybrid_replay,1,1,2,1,0.942
cub200,m5_hybrid_replay,1,1,3,2,0.944
cub200,m5_hybrid_replay,1,1,4,3,0.932
cub200,m5_hybrid_replay,1,1,5,4,0.908
cub200,m5_hybrid_replay,1,1,6,5,0.914
cub200,m5_hybrid_replay,1,1,7,6,0.9
cub200,m5_hybrid_replay,1,1,8,7,0.886
cub200,m5_hybrid_replay,1,1,9,8,0.87
cub200,m5_hybrid_replay,1,2,2,0,0.37349397590361444
cub200,m5_hybrid_replay,1,2,3,1,0.8172690763052208
cub200,m5_hybrid_replay,1,2,4,2,0.821285140562249
cub200,m5_hybrid_replay,1,2,5,3,0.8032128514056225
cub200,m5_hybrid_replay,1,2,6,4,0.8132530120481928
cub200,m5_hybrid_replay,1,2,7,5,0.8393574297188755
cub200,m5_hybrid_replay,1,2,8,6,0.8192771084337349
cub200,m5_hybrid_replay,1,2,9,7,0.8112449799196787
cub200,m5_hybrid_replay,1,3,3,0,0.32665330661322645
cub200,m5_hybrid_replay,1,3,4,1,0.8476953907815631
cub200,m5_hybrid_replay,1,3,5,2,0.8476953907815631
cub200,m5_hybrid_replay,1,3,6,3,0.8617234468937875
cub200,m5_hybrid_replay,1,3,7,4,0.8617234468937875
cub200,m5_hybrid_replay,1,3,8,5,0.843687374749499
cub200,m5_hybrid_replay,1,3,9,6,0.8416833667334669
cub200,m5_hybrid_replay,1,4,4,0,0.2
cub200,m5_hybrid_replay,1,4,5,1,0.83
cub200,m5_hybrid_replay,1,4,6,2,0.846
cub200,m5_hybrid_replay,1,4,7,3,0.818
cub200,m5_hybrid_replay,1,4,8,4,0.774
cub200,m5_hybrid_replay,1,4,9,5,0.782
cub200,m5_hybrid_replay,1,5,5,0,0.124
cub200,m5_hybrid_replay,1,5,6,1,0.776
cub200,m5_hybrid_replay,1,5,7,2,0.786
cub200,m5_hybrid_replay,1,5,8,3,0.788
cub200,m5_hybrid_replay,1,5,9,4,0.77
cub200,m5_hybrid_replay,1,6,6,0,0.112
cub200,m5_hybrid_replay,1,6,7,1,0.784
cub200,m5_hybrid_replay,1,6,8,2,0.766
cub200,m5_hybrid_replay,1,6,9,3,0.738
cub200,m5_hybrid_replay,1,7,7,0,0.036072144288577156
cub200,m5_hybrid_replay,1,7,8,1,0.7595190380761523
cub200,m5_hybrid_replay,1,7,9,2,0.8096192384769539
cub200,m5_hybrid_replay,1,8,8,0,0.06613226452905811
cub200,m5_hybrid_replay,1,8,9,1,0.7875751503006012
cub200,m5_hybrid_replay,1,9,9,0,0.11
cub200,m5_hybrid_replay,2,0,0,0,0.938
cub200,m5_hybrid_replay,2,0,1,1,0.908
cub200,m5_hybrid_replay,2,0,2,2,0.898
cub200,m5_hybrid_replay,2,0,3,3,0.882
cub200,m5_hybrid_replay,2,0,4,4,0.842
cub200,m5_hybrid_replay,2,0,5,5,0.84
cub200,m5_hybrid_replay,2,0,6,6,0.852
cub200,m5_hybrid_replay,2,0,7,7,0.852
cub200,m5_hybrid_replay,2,0,8,8,0.836
cub200,m5_hybrid_replay,2,0,9,9,0.842
cub200,m5_hybrid_replay,2,1,1,0,0.544
cub200,m5_hybrid_replay,2,1,2,1,0.978
cub200,m5_hybrid_replay,2,1,3,2,0.976
cub200,m5_hybrid_replay,2,1,4,3,0.97
cub200,m5_hybrid_replay,2,1,5,4,0.962
cub200,m5_hybrid_replay,2,1,6,5,0.956
cub200,m5_hybrid_replay,2,1,7,6,0.962
cub200,m5_hybrid_replay,2,1,8,7,0.946
cub200,m5_hybrid_replay,2,1,9,8,0.94
cub200,m5_hybrid_replay,2,2,2,0,0.396
cub200,m5_hybrid_replay,2,2,3,1,0.904
cub200,m5_hybrid_replay,2,2,4,2,0.858
cub200,m5_hybrid_replay,2,2,5,3,0.836
cub200,m5_hybrid_replay,2,2,6,4,0.798
cub200,m5_hybrid_replay,2,2,7,5,0.8
cub200,m5_hybrid_replay,2,2,8,6,0.778
cub200,m5_hybrid_replay,2,2,9,7,0.77
cub200,m5_hybrid_replay,2,3,3,0,0.23340040241448692
cub200,m5_hybrid_replay,2,3,4,1,0.8209255533199196
cub200,m5_hybrid_replay,2,3,5,2,0.7847082494969819
cub200,m5_hybrid_replay,2,3,6,3,0.738430583501006
cub200,m5_hybrid_replay,2,3,7,4,0.7364185110663984
cub200,m5_hybrid_replay,2,3,8,5,0.7364185110663984
cub200,m5_hybrid_replay,2,3,9,6,0.7183098591549296
cub200,m5_hybrid_replay,2,4,4,0,0.236
cub200,m5_hybrid_replay,2,4,5,1,0.816
cub200,m5_hybrid_replay,2,4,6,2,0.768
cub200,m5_hybrid_replay,2,4,7,3,0.776
cub200,m5_hybrid_replay,2,4,8,4,0.818
cub200,m5_hybrid_replay,2,4,9,5,0.83
cub200,m5_hybrid_replay,2,5,5,0,0.218
cub200,m5_hybrid_replay,2,5,6,1,0.89
cub200,m5_hybrid_replay,2,5,7,2,0.894
cub200,m5_hybrid_replay,2,5,8,3,0.91
cub200,m5_hybrid_replay,2,5,9,4,0.914
cub200,m5_hybrid_replay,2,6,6,0,0.224
cub200,m5_hybrid_replay,2,6,7,1,0.818
cub200,m5_hybrid_replay,2,6,8,2,0.82
cub200,m5_hybrid_replay,2,6,9,3,0.8
cub200,m5_hybrid_replay,2,7,7,0,0.036072144288577156
cub200,m5_hybrid_replay,2,7,8,1,0.6913827655310621
cub200,m5_hybrid_replay,2,7,9,2,0.6633266533066132
cub200,m5_hybrid_replay,2,8,8,0,0.02404809619238477
cub200,m5_hybrid_replay,2,8,9,1,0.7695390781563126
cub200,m5_hybrid_replay,2,9,9,0,0.022044088176352707
cub200,m5_hybrid_replay,3,0,0,0,0.892
cub200,m5_hybrid_replay,3,0,1,1,0.884
cub200,m5_hybrid_replay,3,0,2,2,0.886
cub200,m5_hybrid_replay,3,0,3,3,0.906
cub200,m5_hybrid_replay,3,0,4,4,0.912
cub200,m5_hybrid_replay,3,0,5,5,0.914
cub200,m5_hybrid_replay,3,0,6,6,0.892
cub200,m5_hybrid_replay,3,0,7,7,0.896
cub200,m5_hybrid_replay,3,0,8,8,0.886
cub200,m5_hybrid_replay,3,0,9,9,0.874
cub200,m5_hybrid_replay,3,1,1,0,0.428
cub200,m5_hybrid_replay,3,1,2,1,0.876
cub200,m5_hybrid_replay,3,1,3,2,0.89
cub200,m5_hybrid_replay,3,1,4,3,0.852
cub200,m5_hybrid_replay,3,1,5,4,0.854
cub200,m5_hybrid_replay,3,1,6,5,0.856
cub200,m5_hybrid_replay,3,1,7,6,0.866
cub200,m5_hybrid_replay,3,1,8,7,0.886
cub200,m5_hybrid_replay,3,1,9,8,0.892
cub200,m5_hybrid_replay,3,2,2,0,0.5290581162324649
cub200,m5_hybrid_replay,3,2,3,1,0.8577154308617234
cub200,m5_hybrid_replay,3,2,4,2,0.8517034068136272
cub200,m5_hybrid_replay,3,2,5,3,0.8857715430861723
cub200,m5_hybrid_replay,3,2,6,4,0.9078156312625251
cub200,m5_hybrid_replay,3,2,7,5,0.9098196392785571
cub200,m5_hybrid_replay,3,2,8,6,0.9098196392785571
cub200,m5_hybrid_replay,3,2,9,7,0.9158316633266533
cub200,m5_hybrid_replay,3,3,3,0,0.3815261044176707
cub200,m5_hybrid_replay,3,3,4,1,0.8995983935742972
cub200,m5_hybrid_replay,3,3,5,2,0.9216867469879518
cub200,m5_hybrid_replay,3,3,6,3,0.8835341365461847
cub200,m5_hybrid_replay,3,3,7,4,0.8734939759036144
cub200,m5_hybrid_replay,3,3,8,5,0.8755020080321285
cub200,m5_hybrid_replay,3,3,9,6,0.8734939759036144
cub200,m5_hybrid_replay,3,4,4,0,0.164
cub200,m5_hybrid_replay,3,4,5,1,0.84
cub200,m5_hybrid_replay,3,4,6,2,0.858
cub200,m5_hybrid_replay,3,4,7,3,0.824
cub200,m5_hybrid_replay,3,4,8,4,0.82
cub200,m5_hybrid_replay,3,4,9,5,0.78
cub200,m5_hybrid_replay,3,5,5,0,0.03
cub200,m5_hybrid_replay,3,5,6,1,0.778
cub200,m5_hybrid_replay,3,5,7,2,0.81
cub200,m5_hybrid_replay,3,5,8,3,0.834
cub200,m5_hybrid_replay,3,5,9,4,0.768
cub200,m5_hybrid_replay,3,6,6,0,0.16633266533066132
cub200,m5_hybrid_replay,3,6,7,1,0.7915831663326653
cub200,m5_hybrid_replay,3,6,8,2,0.8016032064128257
cub200,m5_hybrid_replay,3,6,9,3,0.8336673346693386
cub200,m5_hybrid_replay,3,7,7,0,0.124
cub200,m5_hybrid_replay,3,7,8,1,0.846
cub200,m5_hybrid_replay,3,7,9,2,0.846
cub200,m5_hybrid_replay,3,8,8,0,0.05811623246492986
cub200,m5_hybrid_replay,3,8,9,1,0.6933867735470942
cub200,m5_hybrid_replay,3,9,9,0,0.1683366733466934
cub200,m5_hybrid_replay,4,0,0,0,0.918
cub200,m5_hybrid_replay,4,0,1,1,0.936
cub200,m5_hybrid_replay,4,0,2,2,0.878
cub200,m5_hybrid_replay,4,0,3,3,0.864
cub200,m5_hybrid_replay,4,0,4,4,0.784
cub200,m5_hybrid_replay,4,0,5,5,0.784
cub200,m5_hybrid_replay,4,0,6,6,0.776
cub200,m5_hybrid_replay,4,0,7,7,0.776
cub200,m5_hybrid_replay,4,0,8,8,0.778
cub200,m5_hybrid_replay,4,0,9,9,0.8
cub200,m5_hybrid_replay,4,1,1,0,0.506
cub200,m5_hybrid_replay,4,1,2,1,0.946
cub200,m5_hybrid_replay,4,1,3,2,0.948
cub200,m5_hybrid_replay,4,1,4,3,0.922
cub200,m5_hybrid_replay,4,1,5,4,0.854
cub200,m5_hybrid_replay,4,1,6,5,0.878
cub200,m5_hybrid_replay,4,1,7,6,0.898
cub200,m5_hybrid_replay,4,1,8,7,0.88
cub200,m5_hybrid_replay,4,1,9,8,0.846
cub200,m5_hybrid_replay,4,2,2,0,0.344
cub200,m5_hybrid_replay,4,2,3,1,0.942
cub200,m5_hybrid_replay,4,2,4,2,0.926
cub200,m5_hybrid_replay,4,2,5,3,0.914
cub200,m5_hybrid_replay,4,2,6,4,0.9
cub200,m5_hybrid_replay,4,2,7,5,0.92
cub200,m5_hybrid_replay,4,2,8,6,0.896
cub200,m5_hybrid_replay,4,2,9,7,0.904
cub200,m5_hybrid_replay,4,3,3,0,0.36072144288577157
cub200,m5_hybrid_replay,4,3,4,1,0.9178356713426854
cub200,m5_hybrid_replay,4,3,5,2,0.8877755511022044
cub200,m5_hybrid_replay,4,3,6,3,0.8897795591182365
cub200,m5_hybrid_replay,4,3,7,4,0.8877755511022044
cub200,m5_hybrid_replay,4,3,8,5,0.875751503006012
cub200,m5_hybrid_replay,4,3,9,6,0.8697394789579158
cub200,m5_hybrid_replay,4,4,4,0,0.222
cub200,m5_hybrid_replay,4,4,5,1,0.894
cub200,m5_hybrid_replay,4,4,6,2,0.932
cub200,m5_hybrid_replay,4,4,7,3,0.932
cub200,m5_hybrid_replay,4,4,8,4,0.934
cub200,m5_hybrid_replay,4,4,9,5,0.926
cub200,m5_hybrid_replay,4,5,5,0,0.26104417670682734
cub200,m5_hybrid_replay,4,5,6,1,0.891566265060241
cub200,m5_hybrid_replay,4,5,7,2,0.891566265060241
cub200,m5_hybrid_replay,4,5,8,3,0.8855421686746988
cub200,m5_hybrid_replay,4,5,9,4,0.8012048192771084
cub200,m5_hybrid_replay,4,6,6,0,0.136
cub200,m5_hybrid_replay,4,6,7,1,0.666
cub200,m5_hybrid_replay,4,6,8,2,0.64
cub200,m5_hybrid_replay,4,6,9,3,0.696
cub200,m5_hybrid_replay,4,7,7,0,0.03413654618473896
cub200,m5_hybrid_replay,4,7,8,1,0.6726907630522089
cub200,m5_hybrid_replay,4,7,9,2,0.7028112449799196
cub200,m5_hybrid_replay,4,8,8,0,0.044
cub200,m5_hybrid_replay,4,8,9,1,0.804
cub200,m5_hybrid_replay,4,9,9,0,0.0781563126252505
cub200,m8_analytic,0,0,0,0,1.0
cub200,m8_analytic,0,0,1,1,1.0
cub200,m8_analytic,0,0,2,2,1.0
cub200,m8_analytic,0,0,3,3,0.998
cub200,m8_analytic,0,0,4,4,0.996
cub200,m8_analytic,0,0,5,5,0.986
cub200,m8_analytic,0,0,6,6,0.982
cub200,m8_analytic,0,0,7,7,0.978
cub200,m8_analytic,0,0,8,8,0.974
cub200,m8_analytic,0,0,9,9,0.97
cub200,m8_analytic,0,1,1,0,1.0
cub200,m8_analytic,0,1,2,1,0.9979919678714859
cub200,m8_analytic,0,1,3,2,0.9959839357429718
cub200,m8_analytic,0,1,4,3,0.9879518072289156
cub200,m8_analytic,0,1,5,4,0.9879518072289156
cub200,m8_analytic,0,1,6,5,0.9839357429718876
cub200,m8_analytic,0,1,7,6,0.9779116465863453
cub200,m8_analytic,0,1,8,7,0.9759036144578314
cub200,m8_analytic,0,1,9,8,0.9738955823293173
cub200,m8_analytic,0,2,2,0,1.0
cub200,m8_analytic,0,2,3,1,0.996
cub200,m8_analytic,0,2,4,2,0.992
cub200,m8_analytic,0,2,5,3,0.99
cub200,m8_analytic,0,2,6,4,0.986
cub200,m8_analytic,0,2,7,5,0.976
cub200,m8_analytic,0,2,8,6,0.976
cub200,m8_analytic,0,2,9,7,0.974
cub200,m8_analytic,0,3,3,0,0.994
cub200,m8_analytic,0,3,4,1,0.994
cub200,m8_analytic,0,3,5,2,0.992
cub200,m8_analytic,0,3,6,3,0.988
cub200,m8_analytic,0,3,7,4,0.976
cub200,m8_analytic,0,3,8,5,0.976
cub200,m8_analytic,0,3,9,6,0.972
cub200,m8_analytic,0,4,4,0,0.99
cub200,m8_analytic,0,4,5,1,0.986
cub200,m8_analytic,0,4,6,2,0.982
cub200,m8_analytic,0,4,7,3,0.974
cub200,m8_analytic,0,4,8,4,0.972
cub200,m8_analytic,0,4,9,5,0.968
cub200,m8_analytic,0,5,5,0,0.9819639278557114
cub200,m8_analytic,0,5,6,1,0.9759519038076152
cub200,m8_analytic,0,5,7,2,0.9719438877755511
cub200,m8_analytic,0,5,8,3,0.9659318637274549
cub200,m8_analytic,0,5,9,4,0.9599198396793587
cub200,m8_analytic,0,6,6,0,0.9859719438877755
cub200,m8_analytic,0,6,7,1,0.9839679358717435
cub200,m8_analytic,0,6,8,2,0.9839679358717435
cub200,m8_analytic,0,6,9,3,0.9859719438877755
cub200,m8_analytic,0,7,7,0,0.994
cub200,m8_analytic,0,7,8,1,0.984
cub200,m8_analytic,0,7,9,2,0.976
cub200,m8_analytic,0,8,8,0,0.992
cub200,m8_analytic,0,8,9,1,0.99
cub200,m8_analytic,0,9,9,0,0.9678714859437751
cub200,m8_analytic,1,0,0,0,1.0
cub200,m8_analytic,1,0,1,1,1.0
cub200,m8_analytic,1,0,2,2,0.9979959919839679
cub200,m8_analytic,1,0,3,3,0.9979959919839679
cub200,m8_analytic,1,0,4,4,0.9979959919839679
cub200,m8_analytic,1,0,5,5,0.9959919839679359
cub200,m8_analytic,1,0,6,6,0.9959919839679359
cub200,m8_analytic,1,0,7,7,0.9919839679358717
cub200,m8_analytic,1,0,8,8,0.9919839679358717
cub200,m8_analytic,1,0,9,9,0.9899799599198397
cub200,m8_analytic,1,1,1,0,1.0
cub200,m8_analytic,1,1,2,1,1.0
cub200,m8_analytic,1,1,3,2,0.996
cub200,m8_analytic,1,1,4,3,0.994
cub200,m8_analytic,1,1,5,4,0.992
cub200,m8_analytic,1,1,6,5,0.986
cub200,m8_analytic,1,1,7,6,0.98
cub200,m8_analytic,1,1,8,7,0.972
cub200,m8_analytic,1,1,9,8,0.962
cub200,m8_analytic,1,2,2,0,0.9959839357429718
cub200,m8_analytic,1,2,3,1,0.9939759036144579
cub200,m8_analytic,1,2,4,2,0.9899598393574297
cub200,m8_analytic,1,2,5,3,0.9879518072289156
cub200,m8_analytic,1,2,6,4,0.9859437751004017
cub200,m8_analytic,1,2,7,5,0.9819277108433735
cub200,m8_analytic,1,2,8,6,0.9779116465863453
cub200,m8_analytic,1,2,9,7,0.9738955823293173
cub200,m8_analytic,1,3,3,0,0.9959919839679359
cub200,m8_analytic,1,3,4,1,0.9879759519038076
cub200,m8_analytic,1,3,5,2,0.9859719438877755
cub200,m8_analytic,1,3,6,3,0.9779559118236473
cub200,m8_analytic,1,3,7,4,0.9719438877755511
cub200,m8_analytic,1,3,8,5,0.9679358717434869
cub200,m8_analytic,1,3,9,6,0.9639278557114228
cub200,m8_analytic,1,4,4,0,0.996
cub200,m8_analytic,1,4,5,1,0.99
cub200,m8_analytic,1,4,6,2,0.986
cub200,m8_analytic,1,4,7,3,0.984
cub200,m8_analytic,1,4,8,4,0.98
cub200,m8_analytic,1,4,9,5,0.978
cub200,m8_analytic,1,5,5,0,0.982
cub200,m8_analytic,1,5,6,1,0.98
cub200,m8_analytic,1,5,7,2,0.976
cub200,m8_analytic,1,5,8,3,0.972
cub200,m8_analytic,1,5,9,4,0.972
cub200,m8_analytic,1,6,6,0,0.976
cub200,m8_analytic,1,6,7,1,0.974
cub200,m8_analytic,1,6,8,2,0.968
cub200,m8_analytic,1,6,9,3,0.968
cub200,m8_analytic,1,7,7,0,0.9819639278557114
cub200,m8_analytic,1,7,8,1,0.9759519038076152
cub200,m8_analytic,1,7,9,2,0.9759519038076152
cub200,m8_analytic,1,8,8,0,0.9679358717434869
cub200,m8_analytic,1,8,9,1,0.9659318637274549
cub200,m8_analytic,1,9,9,0,0.988
cub200,m8_analytic,2,0,0,0,1.0
cub200,m8_analytic,2,0,1,1,1.0
cub200,m8_analytic,2,0,2,2,1.0
cub200,m8_analytic,2,0,3,3,0.996
cub200,m8_analytic,2,0,4,4,0.99
cub200,m8_analytic,2,0,5,5,0.986
cub200,m8_analytic,2,0,6,6,0.976
cub200,m8_analytic,2,0,7,7,0.968
cub200,m8_analytic,2,0,8,8,0.958
cub200,m8_analytic,2,0,9,9,0.952
cub200,m8_analytic,2,1,1,0,1.0
cub200,m8_analytic,2,1,2,1,1.0
cub200,m8_analytic,2,1,3,2,0.998
cub200,m8_analytic,2,1,4,3,0.994
cub200,m8_analytic,2,1,5,4,0.992
cub200,m8_analytic,2,1,6,5,0.988
cub200,m8_analytic,2,1,7,6,0.986
cub200,m8_analytic,2,1,8,7,0.98
cub200,m8_analytic,2,1,9,8,0.976
cub200,m8_analytic,2,2,2,0,0.998
cub200,m8_analytic,2,2,3,1,0.994
cub200,m8_analytic,2,2,4,2,0.992
cub200,m8_analytic,2,2,5,3,0.992
cub200,m8_analytic,2,2,6,4,0.992
cub200,m8_analytic,2,2,7,5,0.988
cub200,m8_analytic,2,2,8,6,0.984
cub200,m8_analytic,2,2,9,7,0.982
cub200,m8_analytic,2,3,3,0,1.0
cub200,m8_analytic,2,3,4,1,0.9979879275653923
cub200,m8_analytic,2,3,5,2,0.9959758551307847
cub200,m8_analytic,2,3,6,3,0.993963782696177
cub200,m8_analytic,2,3,7,4,0.9899396378269618
cub200,m8_analytic,2,3,8,5,0.9899396378269618
cub200,m8_analytic,2,3,9,6,0.9859154929577465
cub200,m8_analytic,2,4,4,0,0.99
cub200,m8_analytic,2,4,5,1,0.982
cub200,m8_analytic,2,4,6,2,0.98
cub200,m8_analytic,2,4,7,3,0.976
cub200,m8_analytic,2,4,8,4,0.97
cub200,m8_analytic,2,4,9,5,0.966
cub200,m8_analytic,2,5,5,0,0.996
cub200,m8_analytic,2,5,6,1,0.996
cub200,m8_analytic,2,5,7,2,0.994
cub200,m8_analytic,2,5,8,3,0.994
cub200,m8_analytic,2,5,9,4,0.992
cub200,m8_analytic,2,6,6,0,0.98
cub200,m8_analytic,2,6,7,1,0.974
cub200,m8_analytic,2,6,8,2,0.97
cub200,m8_analytic,2,6,9,3,0.968
cub200,m8_analytic,2,7,7,0,0.9839679358717435
cub200,m8_analytic,2,7,8,1,0.9779559118236473
cub200,m8_analytic,2,7,9,2,0.9679358717434869
cub200,m8_analytic,2,8,8,0,0.9859719438877755
cub200,m8_analytic,2,8,9,1,0.9819639278557114
cub200,m8_analytic,2,9,9,0,0.9659318637274549
cub200,m8_analytic,3,0,0,0,1.0
cub200,m8_analytic,3,0,1,1,1.0
cub200,m8_analytic,3,0,2,2,1.0
cub200,m8_analytic,3,0,3,3,0.994
cub200,m8_analytic,3,0,4,4,0.99
cub200,m8_analytic,3,0,5,5,0.99
cub200,m8_analytic,3,0,6,6,0.986
cub200,m8_analytic,3,0,7,7,0.982
cub200,m8_analytic,3,0,8,8,0.978
cub200,m8_analytic,3,0,9,9,0.98
cub200,m8_analytic,3,1,1,0,1.0
cub200,m8_analytic,3,1,2,1,1.0
cub200,m8_analytic,3,1,3,2,0.994
cub200,m8_analytic,3,1,4,3,0.992
cub200,m8_analytic,3,1,5,4,0.988
cub200,m8_analytic,3,1,6,5,0.98
cub200,m8_analytic,3,1,7,6,0.976
cub200,m8_analytic,3,1,8,7,0.976
cub200,m8_analytic,3,1,9,8,0.97
cub200,m8_analytic,3,2,2,0,1.0
cub200,m8_analytic,3,2,3,1,0.9939879759519038
cub200,m8_analytic,3,2,4,2,0.9919839679358717
cub200,m8_analytic,3,2,5,3,0.9859719438877755
cub200,m8_analytic,3,2,6,4,0.9799599198396793
cub200,m8_analytic,3,2,7,5,0.9799599198396793
cub200,m8_analytic,3,2,8,6,0.9759519038076152
cub200,m8_analytic,3,2,9,7,0.9739478957915831
cub200,m8_analytic,3,3,3,0,0.9959839357429718
cub200,m8_analytic,3,3,4,1,0.9939759036144579
cub200,m8_analytic,3,3,5,2,0.9879518072289156
cub200,m8_analytic,3,3,6,3,0.9859437751004017
cub200,m8_analytic,3,3,7,4,0.9839357429718876
cub200,m8_analytic,3,3,8,5,0.9779116465863453
cub200,m8_analytic,3,3,9,6,0.9759036144578314
cub200,m8_analytic,3,4,4,0,0.994
cub200,m8_analytic,3,4,5,1,0.992
cub200,m8_analytic,3,4,6,2,0.99
cub200,m8_analytic,3,4,7,3,0.986
cub200,m8_analytic,3,4,8,4,0.984
cub200,m8_analytic,3,4,9,5,0.982
cub200,m8_analytic,3,5,5,0,0.986
cub200,m8_analytic,3,5,6,1,0.984
cub200,m8_analytic,3,5,7,2,0.976
cub200,m8_analytic,3,5,8,3,0.974
cub200,m8_analytic,3,5,9,4,0.97
cub200,m8_analytic,3,6,6,0,0.9919839679358717
cub200,m8_analytic,3,6,7,1,0.9839679358717435
cub200,m8_analytic,3,6,8,2,0.9819639278557114
cub200,m8_analytic,3,6,9,3,0.9819639278557114
cub200,m8_analytic,3,7,7,0,0.99
cub200,m8_analytic,3,7,8,1,0.984
cub200,m8_analytic,3,7,9,2,0.982
cub200,m8_analytic,3,8,8,0,0.9719438877755511
cub200,m8_analytic,3,8,9,1,0.9719438877755511
cub200,m8_analytic,3,9,9,0,0.9498997995991983
cub200,m8_analytic,4,0,0,0,1.0
cub200,m8_analytic,4,0,1,1,1.0
cub200,m8_analytic,4,0,2,2,0.998
cub200,m8_analytic,4,0,3,3,0.996
cub200,m8_analytic,4,0,4,4,0.996
cub200,m8_analytic,4,0,5,5,0.994
cub200,m8_analytic,4,0,6,6,0.988
cub200,m8_analytic,4,0,7,7,0.98
cub200,m8_analytic,4,0,8,8,0.976
cub200,m8_analytic,4,0,9,9,0.974
cub200,m8_analytic,4,1,1,0,1.0
cub200,m8_analytic,4,1,2,1,1.0
cub200,m8_analytic,4,1,3,2,0.998
cub200,m8_analytic,4,1,4,3,0.996
cub200,m8_analytic,4,1,5,4,0.994
cub200,m8_analytic,4,1,6,5,0.988
cub200,m8_analytic,4,1,7,6,0.986
cub200,m8_analytic,4,1,8,7,0.986
cub200,m8_analytic,4,1,9,8,0.986
cub200,m8_analytic,4,2,2,0,1.0
cub200,m8_analytic,4,2,3,1,0.998
cub200,m8_analytic,4,2,4,2,0.992
cub200,m8_analytic,4,2,5,3,0.988
cub200,m8_analytic,4,2,6,4,0.986
cub200,m8_analytic,4,2,7,5,0.986
cub200,m8_analytic,4,2,8,6,0.98
cub200,m8_analytic,4,2,9,7,0.98
cub200,m8_analytic,4,3,3,0,0.9979959919839679
cub200,m8_analytic,4,3,4,1,0.9979959919839679
cub200,m8_analytic,4,3,5,2,0.9959919839679359
cub200,m8_analytic,4,3,6,3,0.9879759519038076
cub200,m8_analytic,4,3,7,4,0.9819639278557114
cub200,m8_analytic,4,3,8,5,0.9799599198396793
cub200,m8_analytic,4,3,9,6,0.9759519038076152
cub200,m8_analytic,4,4,4,0,0.992
cub200,m8_analytic,4,4,5,1,0.99
cub200,m8_analytic,4,4,6,2,0.984
cub200,m8_analytic,4,4,7,3,0.978
cub200,m8_analytic,4,4,8,4,0.974
cub200,m8_analytic,4,4,9,5,0.972
cub200,m8_analytic,4,5,5,0,0.9899598393574297
cub200,m8_analytic,4,5,6,1,0.9879518072289156
cub200,m8_analytic,4,5,7,2,0.9819277108433735
cub200,m8_analytic,4,5,8,3,0.9799196787148594
cub200,m8_analytic,4,5,9,4,0.9738955823293173
cub200,m8_analytic,4,6,6,0,0.966
cub200,m8_analytic,4,6,7,1,0.962
cub200,m8_analytic,4,6,8,2,0.962
cub200,m8_analytic,4,6,9,3,0.956
cub200,m8_analytic,4,7,7,0,0.9759036144578314
cub200,m8_analytic,4,7,8,1,0.9718875502008032
cub200,m8_analytic,4,7,9,2,0.9658634538152611
cub200,m8_analytic,4,8,8,0,0.992
cub200,m8_analytic,4,8,9,1,0.99
cub200,m8_analytic,4,9,9,0,0.9639278557114228
